geneName,baseMean,log2FoldChange,lfcSE,stat,pvalue,padj
SOX8,161.91915363738565,-1.417015809345243,0.43651765165974116,-3.2461821508418294,0.0011696397642960653,0.03739968681067384
YBX2,485.38454419468616,1.101029753212556,0.3369964075876918,3.2671854311267414,0.001086225072577488,0.03653415385491405
SCIN,872.9937839694566,-1.4842015797450998,0.38925909106015283,-3.812888674488899,0.00013735198967001528,0.010253915590771257
MAPK8IP2,1752.4537348097747,1.2341507990352922,0.3474135072477939,3.552397282455198,0.0003817380268079062,0.019465614501697606
GABRA3,40.669775831074226,3.3043672523451435,0.7710339282961273,4.2856314502882045,1.8222086285640985e-05,0.0029555880120901976
CD22,617.666940732206,-1.256730757195175,0.3312074434900683,-3.794391647580407,0.0001480058967062764,0.010847921941733826
STMN4,9.34279783607371,1.4468598355461542,0.42008566205220366,3.4442019003408744,0.0005727478308877031,0.025107267311502365
ATP1A2,541.2480438642939,-1.730158004132062,0.4898690300659299,-3.531878722562244,0.0004126185445411852,0.0204252527525495
CYP24A1,58.74809346571935,-2.2027313928911934,0.5042425563408582,-4.368396449668539,1.2516213673269374e-05,0.002341405181111136
NRXN3,240.05778115433574,-1.0284014208804306,0.31381168022299777,-3.277129201021575,0.0010486837079648642,0.036005019880457394
FHL1,3893.7135595938635,-1.4715230219774393,0.3653542133197535,-4.0276612895923565,5.633442071103777e-05,0.006144462104401191
MYOC,20.369996067896377,-3.2075754706184947,0.6397646130590884,-5.013680664957698,5.339858151801759e-07,0.0002727226601466244
STAP1,79.85263445108129,-1.1697584019163367,0.363254484605053,-3.220217372369544,0.0012809342879917293,0.039440518325762564
PTGER3,3046.198110443124,-1.2368950813819406,0.34271492351642663,-3.6091077350550655,0.00030725199652831015,0.01706394694617154
CHRDL2,120.47751111489742,-1.6087402354561182,0.46791114759896124,-3.4381318840365442,0.0005857423423307835,0.025434339550385005
SPAG4,276.49048218880125,1.7060639135320377,0.24211325241271467,7.046553199920762,1.8340402491663658e-12,7.3765098821471236e-09
BCAS1,2376.331019478974,1.3687566456446385,0.4266414945176185,3.2082126638718553,0.001335626964324352,0.04020124715070192
PRR11,1002.6923048262794,1.1635557931681295,0.2870476981679199,4.053527691023189,5.045102491997611e-05,0.005695832202895268
PAGE1,1.5402655761196682,6.362886596183606,1.3445457743312565,4.73236889190206,2.2191464014113803e-06,0.0007361160269259029
FGF10,1829.9652750697956,-1.951835737853109,0.523142530318712,-3.7309827145271477,0.00019073431146710097,0.012640622051253238
EPHA8,54.598681275056755,-1.722694233155423,0.5525032284606117,-3.117980392540339,0.0018209491751833148,0.047562271653415165
MYO3B,160.94465346303795,-1.8196469376349447,0.47550228748513595,-3.8267890303089787,0.00012982569118235275,0.010005649534353817
TRHDE,38.891527253199534,-1.7257755637914307,0.49146545816738335,-3.5114890275842456,0.0004456038573764978,0.021272625689831147
PANX2,272.93236647535065,1.2001147154654566,0.3244913183064068,3.6984493814168133,0.0002169205970171021,0.013730615587265679
PTGS2,506.5857793166225,-2.586778420995819,0.448603339850675,-5.766293273377926,8.103399883609902e-09,1.0863958110626343e-05
TXK,49.826436384364186,-1.405748781534361,0.32054563443714623,-4.385487214644957,1.1572645575431578e-05,0.002223482901723135
TUBA3D,252.7574329186248,-2.6140097768590858,0.4296895756615107,-6.083484275444187,1.1759845612859966e-09,2.2257928967022488e-06
ACACB,2784.180971838351,-1.0359102008973518,0.3306405014748069,-3.1330408594129318,0.0017300535672980359,0.046117235626196136
SPAG6,324.6447528745911,-4.224800800347987,0.6392504579674639,-6.608991433155951,3.869471091813369e-11,1.0375341820848915e-07
EDN1,852.2875529431928,-1.2080466025703194,0.28799689272184725,-4.194651515692127,2.732914224437025e-05,0.0037740020637547517
DDX43,29.920909569749526,-1.5135087174949557,0.4059860198827415,-3.7279823525255704,0.00019301889040024538,0.012726589789996506
SLC4A4,338.56434461067454,-2.212143635404799,0.48016236486169844,-4.607074184254246,4.083743395866954e-06,0.0010859382438464058
CXCL2,348.3124283016756,-2.028112627163644,0.47392244302969716,-4.279418831060839,1.873819575026421e-05,0.003014600932302506
IL12RB2,304.6864884715439,-1.7393871305226922,0.4694160914670006,-3.7054271511801575,0.00021103477987041323,0.013553403347525781
COL19A1,18.782245303773664,-2.9643257627334125,0.594956839098664,-4.982421526953532,6.279345892612811e-07,0.00030841508591580906
APOB,50.71954070383558,-2.292926854920591,0.5460207664375851,-4.1993400175608375,2.6769408736897956e-05,0.0037612772730062386
MYBPC2,21.447919639969445,-1.3963235115828618,0.39300632483233494,-3.552928854716432,0.0003809674835703438,0.01945715833549108
PIR,631.7989567265722,1.1578102933870487,0.22636671278845874,5.1147550765073415,3.1414830868464354e-07,0.00018050064250423376
SLC15A1,41.31408216048396,-2.219682027515272,0.5331320462385458,-4.1634751524992595,3.1344014933607075e-05,0.004066633163321538
CHGB,232.74765262739777,-3.7473189157710265,0.6870227523418173,-5.454432044641525,4.912961849075267e-08,4.272417850157995e-05
SLC26A3,118.24784337222506,-1.5380910533784349,0.4842453530250672,-3.1762639409341213,0.0014918514934765667,0.042834137917995785
MYO3A,61.410027555605055,-1.9163137795808916,0.4440944970942988,-4.315103636994588,1.5952804422480324e-05,0.0027596636295576715
EFNA2,14.149173375159382,1.7467934415971602,0.480368963402081,3.6363578305017383,0.00027652014499011056,0.016045399376796287
HCN2,51.50369381106019,1.1443171568712476,0.32467598320740104,3.524489694515731,0.00042429931884405825,0.020622741515296705
SERPIND1,7.448665433348438,-1.6802688912848496,0.4477785628137852,-3.7524549650752537,0.00017511129646823902,0.012013605703970275
CHGA,146.0325509056632,-5.036477430942375,0.7389252831255215,-6.81594952285159,9.364317435362486e-12,2.7391479800020307e-08
TCL1A,70.52633134902624,-2.5994865895581634,0.5776090411168943,-4.500425728329431,6.781749815101884e-06,0.0015153443197966545
DHRS2,3050.1819361739376,-2.5131686472622103,0.574566704138718,-4.374024163181329,1.2197686890145506e-05,0.002315903230842747
HRH3,3.2202214408336403,2.1079964465283525,0.5246591408948487,4.017839931146523,5.8734071342629724e-05,0.00638455229567721
RSPO4,53.78322182163245,-1.5418055396024992,0.4602282261804295,-3.350089046902665,0.000807855851553319,0.03094472604711856
PROKR2,6.420918059818589,-2.3172993453698156,0.7041482202539053,-3.290925516412201,0.000998583496196033,0.03519213863483412
BPI,41.38555306179177,-2.820433168963235,0.553383687947756,-5.096704565728918,3.456170584409866e-07,0.00019509779776135413
RENBP,469.62095552210843,1.126842041185157,0.23128697511837673,4.872051444351414,1.104453994791972e-06,0.00047382548981901986
PCDH11X,30.50473032739837,-2.0061436979559786,0.617776038909339,-3.2473640471678897,0.0011647929729493968,0.0373767666331485
SGCG,67.99711823740054,-2.4712006900711656,0.5018819761119911,-4.923868175572291,8.485000674010254e-07,0.00037399093381774507
CA2,2339.8536656316755,-1.2712328846765517,0.38250658636988843,-3.3234274388343588,0.0008891855214590502,0.03307564547799584
CALB1,16.457772701021423,-1.2871387767472837,0.3383725535640915,-3.8039101079263076,0.00014242988345901405,0.010535227425694795
DKK4,6.071900924761324,-1.61514701222264,0.505089679222163,-3.1977430517090806,0.001385076349091234,0.04092438582447888
FCER2,56.934879485680256,-2.215016364561497,0.5515761081519595,-4.015794614423834,5.924583555489317e-05,0.006400647769270759
CASP14,854.6510061442485,2.874901431588809,0.7905013999703852,3.636807514441483,0.00027603804948280825,0.016045399376796287
GRIN2D,210.76922849407086,1.1943974253992078,0.2857466693924429,4.179917225067736,2.9161522396327965e-05,0.003916400927371899
SYNGR4,14.129711269755457,1.212139442752435,0.3566090845886012,3.3990705653245166,0.000676152688418047,0.027608661337408323
UPK1A,33.51603385456803,-2.2393966801478835,0.479142014357749,-4.67376396359149,2.957291900627183e-06,0.0009149406172555792
TFPI2,657.5221395119198,-1.7915814242203787,0.47109243050323285,-3.8030358974491825,0.00014293363445038438,0.010548239958888917
ADAP1,193.6259201664024,1.127979385259787,0.2809910934163372,4.014288750385726,5.9625317728898454e-05,0.006400647769270759
TSPAN12,836.4993364329601,1.1321081874711243,0.2840069065429628,3.986199495116384,6.714006699640068e-05,0.006818201089341335
CCL24,30.272518745622897,-1.9435172343295604,0.5638549687585415,-3.446838889455329,0.000567186711260536,0.02489740739634244
CSF3,10.83558259246418,-2.136777153201885,0.6546475466227865,-3.264011549764677,0.0010984668744200966,0.03661624272987796
RNF43,785.5911114002859,1.1694599983685185,0.2851248026185859,4.101572320710787,4.1035220849798e-05,0.004854225242879046
SLC6A4,988.1742165614576,-3.0484175381838483,0.5888616665214929,-5.176797389769613,2.2572711973892198e-07,0.00014525991609439106
ASIC2,33.44370167821086,-2.2813120157269426,0.5458922770322231,-4.179051640241982,2.9272721770811897e-05,0.003916400927371899
UCP1,28.36790711176237,-2.2944184559811918,0.5763223503969718,-3.981137386743361,6.85862906033161e-05,0.006855554366641735
B3GAT1,118.48049618880907,-1.6136419882073259,0.4416945050436483,-3.653298761432102,0.00025889270441435615,0.01545478971657945
CCKBR,25.03346874433186,-4.313392345555908,0.761033569924523,-5.6678082492257165,1.4463569637959637e-08,1.7236289506332938e-05
CALCA,3.607644096311193,-2.593884684159023,0.8022000744584683,-3.233463529544105,0.001222989502892622,0.038353713689154974
SOX6,312.76010751819985,-1.8376094590668823,0.4076294708275783,-4.508038771917367,6.542962146655868e-06,0.0014825799297943608
CUX2,108.3595153873002,-1.933333134746219,0.5151625475188845,-3.7528604205750193,0.0001748282091876458,0.012013605703970275
ART4,31.323316182828336,-1.7415480052766286,0.4092220522346196,-4.255753070409181,2.083465517449763e-05,0.0031508296816808844
RBM24,589.276515878468,-1.599840067727022,0.4658212912047441,-3.434450287983592,0.0005937569688285035,0.02551243534179048
TREML2,30.808552580935864,-1.79604184601363,0.42310311411689655,-4.244927030996545,2.186645664837406e-05,0.00325729217184298
CCR6,7.977575525451812,-2.029685549083644,0.5064653447633559,-4.007550704248101,6.135169289430667e-05,0.0064313612807704295
LRRC31,367.63422826471566,-2.1731149908206184,0.5938130888836953,-3.659594292382205,0.0002526148783024007,0.015278451737327154
PEX5L,79.72017526343697,-1.19371170258253,0.38103521577066646,-3.132812016254657,0.0017314029287806107,0.046117235626196136
GRB14,446.2182523505628,-2.118798348956703,0.4583624904117909,-4.622538696508922,3.790720699779249e-06,0.0010424805917615138
KISS1R,67.45248154884419,1.9345140860628625,0.547077391370069,3.5360885252782555,0.000406098585662639,0.02028469707623787
TNR,52.36016860173861,-1.5167919900291422,0.37379855158678377,-4.057779206447762,4.954157140893732e-05,0.005652658161893501
TPSG1,182.96433057771742,-2.1009945119464057,0.5543923521404821,-3.789724919246392,0.00015081420230121689,0.0109570121428567
ST6GALNAC5,868.1611659767716,-1.4558487691673918,0.36752627047297604,-3.9612100851833922,7.457088521059913e-05,0.007162366574735037
IGSF21,794.4506651540029,-1.3955010524001814,0.41062693843943865,-3.3984644497599055,0.0006776526945443126,0.027608661337408323
CR2,216.3920031808316,-2.4225854307847703,0.6152373821805184,-3.937643421793823,8.228575040341714e-05,0.007719027128222595
APOA1,11.54745998866458,-1.6198597308401599,0.45120740934900117,-3.590055697838123,0.0003306073102268629,0.017848357070234126
GHRH,28.034370830570154,-3.507196502503153,0.7112171542765319,-4.931259716409346,8.170102197290867e-07,0.0003659162620259392
GPAM,2588.643943705558,-1.0240302756840132,0.314457975537853,-3.256493252977599,0.001127976112390607,0.036947689978978994
KCNIP2,356.88284245277526,-1.4839214482084915,0.3999720420262463,-3.7100629351266408,0.00020720773087389404,0.013387783029314084
HOXB5,240.08556920041352,-1.4652289200384976,0.4557601593876225,-3.2149122512315196,0.0013048440264177659,0.03990937394868635
TEX14,126.10776860310762,-1.7236414035933563,0.3715268647771948,-4.63934527218382,3.495147001736924e-06,0.0010066468769713963
BCL2L14,105.00751926761741,-1.176396303926392,0.34206911445366994,-3.4390602782284336,0.0005837372423007105,0.025384261658851083
TMEM156,138.09208202467735,-1.088624816264544,0.3351406773571363,-3.248262266607737,0.0011611219211279805,0.0373602589342139
TMIGD3,99.74658271181785,1.080720375234214,0.2445212882132934,4.41973941463744,9.88199883856379e-06,0.001950694445580543
KIAA0087,7.472026409264503,-1.4981258741129075,0.3950649004901881,-3.792100670684905,0.0001493783322916373,0.01092363004503573
ACVR1C,256.2289625684757,-1.530153312984805,0.428988710420483,-3.5668848056280797,0.00036125018520959487,0.018855908519276335
PI3,170.7672605527146,-2.002268797919057,0.6347356980209269,-3.154492183379677,0.0016077768520240043,0.044596403440279625
PARD6B,3334.2372563983718,-1.263312341150758,0.34543717584442973,-3.6571406596946603,0.0002550444388438797,0.015351241011695396
ZNF831,151.68561621725055,-1.4610784010502145,0.3747669336316532,-3.898632109540014,9.673761796006438e-05,0.008574737177639204
NDP,402.3792506585723,-2.106964634688052,0.5288399659444736,-3.984125199246526,6.772916005349056e-05,0.0068269903405177275
COL21A1,198.34675169557337,1.1715561909378278,0.3051695844123736,3.8390332810976076,0.00012351968848246531,0.009669998775211202
GPR18,80.13247269741619,-1.5104939493949119,0.38198912463867263,-3.9542852190457083,7.676379362981372e-05,0.007307549774653509
FOSB,6418.206414953575,-2.3707470537178628,0.4614721413452793,-5.137356822465345,2.7862960219856156e-07,0.00016915445434605503
MMP24OS,2497.1581968580954,1.2104108710119315,0.20059218872603302,6.034187466118631,1.5976451002981786e-09,2.855879374844122e-06
KRT36,3.9336633652,1.2743220529199328,0.3053508319032147,4.1733046704907855,3.002130512042581e-05,0.003926689079491141
CCR7,459.5890843297054,-1.5744450785546196,0.3738594891119096,-4.211328385149886,2.5387338180122943e-05,0.0036144380233789197
CSN1S1,58.60355027269514,-6.122500871662504,0.9660221602912036,-6.33784722890508,2.329976811167602e-10,4.6855833672580475e-07
DACH2,14.657870022977292,-1.8905566888198082,0.4391854076986161,-4.304689217081576,1.6722031641332058e-05,0.0028200658804424877
PZP,26.963926307347844,-1.3242516688405006,0.36700781264375565,-3.6082383622877128,0.0003082831937046727,0.01706394694617154
TAS2R4,68.9567504792304,-1.0173948533719692,0.28196641496968805,-3.6082128911747917,0.0003083134547975326,0.01706394694617154
SYNGR3,171.6080242225162,1.6554564585223304,0.36944136055485366,4.4809721792818396,7.4303797723374324e-06,0.0016045630842599276
GAD1,89.67886646275349,-2.7009143583139843,0.46044192886473295,-5.865917478395955,4.46655913031244e-09,6.843619360806336e-06
ART1,2.8714529258523647,1.4528128332541512,0.45659746317564553,3.1818241458237755,0.0014635065090012115,0.04230888179121562
CYP2G1P,71.95077595993136,-1.7988411412892427,0.540524472409165,-3.327955038319819,0.0008748598476894278,0.03273196565029655
GGT7,1182.5967353211906,1.1518560320393139,0.2155608943194244,5.3435296586423515,9.115390650819057e-08,7.00602057828177e-05
KREMEN2,142.99375075942672,1.3209700705166174,0.40716365894079365,3.2443221331516274,0.0011773051939620335,0.0374095052914583
FCRLA,127.45444941131255,-1.7394846824173056,0.4662591200658587,-3.7307252717579122,0.00019092933605510548,0.012640622051253238
FCRL2,50.9093076986249,-1.6232219727461432,0.493406360088763,-3.2898278255961846,0.0010024870361277417,0.03527039795072081
SLC14A2,64.87216054824304,-1.780544243569969,0.42162200799817456,-4.223081835845908,2.409842684133186e-05,0.0034615668841370263
NTS,53.61643680405559,-3.1301581675369636,0.7533392401463903,-4.155044634245662,3.252240482985444e-05,0.00415254324525951
PEBP4,120.31525895937294,-2.355994710399925,0.49189473264106043,-4.7896319152478375,1.6708752559066735e-06,0.0006109327526596946
SOX5,312.8051479910812,-1.2610333965394096,0.3710193617007546,-3.3988344725699116,0.0006767366000134387,0.027608661337408323
FADS2,9067.249230291154,1.2655706120004664,0.3868292819571025,3.2716515295778774,0.0010692127391506595,0.036453518098074275
TCN1,817.5071554157184,-2.5709135389243563,0.5679406034765475,-4.526729596698961,5.9903510532544695e-06,0.001396889304860127
ADAMTS8,171.20946179145534,-1.3961182009537898,0.41397969123217687,-3.37243162049413,0.0007450758497581706,0.029393342566972156
KLB,172.731528462565,-1.2667665876220877,0.3531647150548751,-3.5869002015823015,0.00033463232117804316,0.017974804391675592
GPR55,53.975917340332735,-1.7108315013808602,0.41071023844346954,-4.1655438341752955,3.10611232750685e-05,0.00404624575910366
SLC19A3,733.9427712878413,-1.6052994101868117,0.5106594851822414,-3.143580912070832,0.0016689426934821034,0.04546985614350564
GALNT5,1988.016670081446,-1.3546324201356108,0.40880989378676613,-3.3135998925754535,0.0009210320069043426,0.033561863934489386
BLK,89.45166037024926,-2.2520286228582607,0.52012879222378,-4.329751893237529,1.4927743112203641e-05,0.0026536743777804657
GCM1,26.551668258191313,-1.4633883303853754,0.41929180616611605,-3.490142924008409,0.00048276228435141543,0.02244705095562304
FGFBP2,64.9297717853957,-1.843615720010621,0.4936501958970445,-3.734660160846213,0.0001879688380230271,0.012547894880142988
CLCA2,874.1116035903946,-2.041245804779943,0.5734767306761475,-3.559422197258551,0.0003716716190257293,0.019134249622034985
RBP4,857.4407249580595,-1.567899395701764,0.4916687498191134,-3.1889344122004895,0.0014279827291859123,0.041580789406593585
PCDH10,63.77992914948214,-1.5576847824343685,0.47364335741489905,-3.288729289767866,0.001006407719361932,0.0353114202317028
MMRN1,614.5305253338615,-1.416767274193231,0.4165583353226977,-3.4011257345161403,0.0006710895311911956,0.02750697675873619
SLC39A8,3220.4456138111855,-1.080349894795123,0.3160275030285691,-3.4185312494699507,0.0006296008768994655,0.026296367600355638
SYCP3,47.128998955976336,-1.4997100350008272,0.3507319722031925,-4.2759433238438485,1.903296435019537e-05,0.003046789357870081
SLC25A47,2.745187083979705,1.633247975263253,0.5068224243468851,3.222525083352285,0.0012706603969169688,0.03916165606436819
SLC27A2,1347.237611820844,-1.661099581326443,0.45216220545134994,-3.673680730719914,0.00023908143364512964,0.014716505282181222
CYP1A1,24.43280267369861,-2.7591170469567214,0.6801920654027713,-4.05637934826971,4.983928897325274e-05,0.005666533434640919
NTRK3,797.8520013647917,-1.5201704901795203,0.429910511538313,-3.536016099583192,0.00040620993718788224,0.02028469707623787
CHST4,30.15917791257977,-2.012391688929863,0.5116249622212722,-3.9333336672879646,8.377581733584383e-05,0.007813248401733655
SLC16A3,1735.9464527792468,1.0868502584042667,0.27160314690373527,4.001611434897994,6.291255355750616e-05,0.006488058728417686
RCN3,2654.2655424281115,1.0793118506234736,0.24098728309599934,4.478708738309318,7.509591488350113e-06,0.001610857438194355
PADI3,71.35543326352366,-2.213314518834713,0.579234423277051,-3.821103218128444,0.00013285602952158178,0.010109960080870678
TMEM61,41.097001774114645,1.3363663104799883,0.36973391820135154,3.614400098808958,0.00030104386614395004,0.01685272427440999
MAEL,13.491929955833905,1.9475710418835412,0.3067425234394128,6.349204603411375,2.1643102315438393e-10,4.642589734010305e-07
ECM1,6624.171644913059,-1.226118872375183,0.3832041532725667,-3.1996492258868217,0.001375949367699094,0.0408418328921458
GDF7,25.617904147732773,-1.4464529680195914,0.334262524953126,-4.327296241845924,1.5095087755593242e-05,0.002668678811120704
ZNF385B,658.9629319057856,-1.5800104152166916,0.5035305201182214,-3.1378642447447453,0.001701836777990497,0.045781370873590015
TRPM8,22.64387055742772,-1.7244381767028665,0.5037241350349976,-3.423378108700423,0.0006184798252364521,0.02604739117383257
IGSF11,15.451574280338972,-1.1202105265244857,0.3188472796858067,-3.513313733234122,0.0004425545866472481,0.021205663877622204
VWA5B2,59.64257998035418,2.2587717641648073,0.4015142842282288,5.625632394390422,1.8482958161068768e-08,2.0468358921908387e-05
CXCL14,17874.951493453536,-1.7278091509002567,0.41567962962813265,-4.156588458390314,3.2303512976624014e-05,0.00415254324525951
SCUBE3,1194.8321478384294,1.7233739914334327,0.41772295515744234,4.125638704207391,3.69707280643821e-05,0.004523080403800603
IGFBP1,10.778115720677473,-2.848774682917584,0.6201754913771013,-4.593497683360354,4.358778608559322e-06,0.001119359062424695
PMP2,4.456994664511484,-2.97925222664624,0.8765057471068977,-3.399010487358383,0.0006763012305793306,0.027608661337408323
FAM135B,89.58896047106417,-1.5237842588040633,0.4521528882955704,-3.3700641934370927,0.0007515067456421665,0.029488391521685794
NPFFR1,34.23518702946303,-1.3064483954917607,0.4224250547650172,-3.0927341566387443,0.0019832170662896394,0.049853119003855806
SLC5A12,15.151175135774732,3.8163156477546787,0.509649936137785,7.488111696187732,6.987155424575581e-14,3.2116958991591985e-10
GLYAT,57.827975358389196,-2.6066427162515002,0.5706405088124723,-4.567924421762551,4.925775668578761e-06,0.001226482917583575
CNTN5,15.055713240417818,-2.0643057790980617,0.6278634886544556,-3.2878258035388828,0.0010096429015276531,0.0353114202317028
MKX,424.4000325129705,-1.6629568931096637,0.5048313304935677,-3.2940841676442907,0.0009874292632644404,0.035021892910853884
KLHL1,13.068406071046203,-6.065717806845111,1.559404706493673,-3.8897649735096023,0.00010034135384019101,0.008725901084221584
TUBA3E,74.42765837537615,-1.7196313792804394,0.5287566348744904,-3.252217118161787,0.001145085151345304,0.03705330241080051
BANK1,266.6762993496125,-1.6636296710062024,0.39067091534811177,-4.258391412434187,2.0590319538807734e-05,0.0031508296816808844
ACMSD,42.46225065865389,-1.6978680443531813,0.41470461757582083,-4.0941623806317,4.236973060125601e-05,0.004957412552094594
KCNJ16,68.08992682109209,-2.4635726270977667,0.581534196122714,-4.236333208817714,2.2719954608374116e-05,0.0033228966339956616
JPH3,56.964284028206556,1.2131025961350177,0.38976345400279816,3.112407240023865,0.0018556832021268427,0.04811318510204133
MAGEC1,6.757772261240983,3.0491009911030837,0.7143939441008075,4.268094678407335,1.9714965449078787e-05,0.0031110243324790955
GRIA1,70.36603222853408,-2.25356312355137,0.582180968162706,-3.8708979626444115,0.00010843517696487362,0.00894618013851737
ART3,165.91314720045906,-2.721761688375284,0.6799506543738257,-4.002881195668214,6.257572942136321e-05,0.006474072893446246
CXCL13,1737.785758711949,-2.4121355660542725,0.5375560230968768,-4.487226377183694,7.215639324437899e-06,0.0015793905503613185
TDRD9,116.39280592493583,-1.7165801495516244,0.4284234265650911,-4.006737361013151,6.156325442806105e-05,0.0064313612807704295
MS4A1,621.4803493304087,-2.5428120382230652,0.5258519607177049,-4.83560436810491,1.3274170411170124e-06,0.0005342024914883756
SUSD3,3771.918977628056,-1.2225983043489452,0.39095996401414723,-3.1271700861541527,0.0017649778644596562,0.04654268311700003
MEGF11,24.19464221064156,-1.0507591099818232,0.3315022742744293,-3.169688993180082,0.0015260218008392764,0.043261037413043664
CD1B,43.21231583543615,-1.7160643823676731,0.5173123969717001,-3.3172690088491184,0.0009090204703383531,0.033467909741091616
PAGE5,7.917419701506315,5.38609723782607,0.6383721511350074,8.43723716369792,3.2492672972021164e-17,2.6137106138693825e-13
PIP,17772.202810266837,-1.9751888653411178,0.6073703434880909,-3.2520337657543967,0.001145824089344434,0.03705330241080051
TNFRSF13C,185.41314846356238,-1.4691936436274926,0.3909083446993701,-3.7584095186235613,0.00017099685188200176,0.0117815732465852
GATD3A,86.79463932520993,-1.1793635909647195,0.3807878421390448,-3.09716713732177,0.001953796810921861,0.04950028833718252
LCN1,2.5626195231930273,1.4777561259679717,0.41794759552313354,3.5357450115685074,0.00040662697706903987,0.02028469707623787
CXCR5,8.902246928792547,-2.189853976428656,0.5635890364738747,-3.8855510570780365,0.00010209803167417962,0.008772906017780344
FCRL3,154.31619109966297,-1.8208181364541955,0.4665548914299045,-3.902687914971215,9.513032929843778e-05,0.008478984696694001
PGLYRP2,443.0110554818709,-2.0026001524851633,0.5461759810299958,-3.666584071874778,0.0002458121276537818,0.01500806645045177
CD300LG,445.9680078827868,-2.1503149672965534,0.5403351437334059,-3.979594872247455,6.903280752088271e-05,0.006855554366641735
AQP5,823.4619061480539,-2.2701947268597813,0.6015900480964496,-3.7736573835340668,0.00016087165416356727,0.011326490906711029
ALPL,1433.1238644816938,1.1586998068420538,0.3060422298453837,3.7860781743337943,0.0001530435459708386,0.01099180610526273
DIRAS3,240.979615544585,-1.5304498672522717,0.3855668274377899,-3.9693504688216605,7.206881606008336e-05,0.007022010826989939
NTNG1,216.7049270017026,-3.286713312149654,0.5855351345359527,-5.613178643420662,1.9864333280720286e-08,2.061789637549858e-05
NPPC,48.612041260694006,-1.5898241191940168,0.48266682514649395,-3.2938334195881187,0.000988310503575812,0.035021892910853884
DAPL1,67.02867487309828,-2.5453314178270396,0.5398011070442797,-4.71531344528763,2.4133893015614847e-06,0.0007765321416704232
IGFN1,37.3367172629812,-1.8890247268351525,0.4392601772752853,-4.300468889651467,1.704370983957933e-05,0.0028414425274523552
FCRL1,51.33194936198437,-2.8166578756409093,0.5681750890322164,-4.957376572842321,7.14514049404652e-07,0.00033319136309629103
TGM4,4.728142620701396,-1.3812926565745944,0.4396055173607529,-3.142118563177782,0.001677301005161685,0.04558951147621185
SCRG1,103.96007649927697,-2.085939249648498,0.49932123664517425,-4.177549634506734,2.946663756533844e-05,0.003916400927371899
NPY1R,8522.094095052507,-1.7359863156039905,0.5430452339739956,-3.1967619030556125,0.0013897959360917593,0.04092438582447888
CARTPT,835.0813519758603,-10.83415897714391,1.3937181365378781,-7.773565323657866,7.630727399395928e-15,4.092104746716057e-11
ACSL6,95.04427419614403,-1.4245869725307354,0.4030251898332995,-3.5347343254648114,0.00040818533719896784,0.020330915494913296
GDF9,123.63498200416423,-1.5363412366402391,0.33415108691614964,-4.597744244434439,4.270898120833837e-06,0.0011155659591055803
FABP7,291.931361765645,-2.110827876712723,0.6696628433129705,-3.152075552333155,0.0016211432102181237,0.04474356752982789
PI16,864.6785374733594,-1.6653538518066986,0.5119795745155525,-3.2527740064288633,0.0011428435069494153,0.03705330241080051
C8orf34,71.94742705954135,-1.665080238190078,0.42348259294505974,-3.9318740980838762,8.428620734982538e-05,0.007815541808899082
RNF183,177.42578888221692,-1.6070272290735634,0.4617629494974008,-3.4801995933686514,0.0005010403644296873,0.02296568933255324
COMTD1,580.7109846575099,1.3014120646459058,0.27676564266345094,4.702216836316032,2.5735198286525588e-06,0.0008118193530071052
CACNB2,203.5625458897019,-1.3107926498612816,0.293870581399802,-4.460441884374905,8.179083648794657e-06,0.0016978722289265604
SVOP,3.7651219611959306,-2.0907155747670254,0.6735816461628943,-3.10387847809829,0.0019100176467963072,0.0488915893423373
SYNPO2L,255.15272726827592,-2.400926981088118,0.5823000126148477,-4.123178652026185,3.736796476733958e-05,0.004537175978694031
WDR72,177.88936432870005,-2.4130456397456808,0.6219185557254867,-3.880002642678494,0.00010445532989542116,0.008844617617671241
CLEC3A,5215.193323700881,-3.398258641704662,0.8861019390375986,-3.835065122863329,0.0001255310295691215,0.00977987023587422
SLC38A8,2.1772307344943194,1.9105409891968785,0.5344012918898624,3.575105483821757,0.00035008671826723664,0.018588102717766678
MMP10,305.133865158828,-1.8503843541876144,0.4850323892762139,-3.8149707011295413,0.00013619909220665194,0.010201391083758575
PLIN1,3128.1593548888145,-1.8988332298637163,0.4859471674191384,-3.907489038259868,9.32602711677328e-05,0.008383074758357194
CHP2,4.525708139931253,-2.436834894589631,0.7446707612211989,-3.2723654821540484,0.001066516101823373,0.036453518098074275
MS4A14,414.768124054834,-1.3522014383924699,0.34691108213456556,-3.8978329261558606,9.705733819866791e-05,0.008579442071099832
TMEM92,73.77765670521306,1.7577651613851524,0.36668002750996,4.79373030847012,1.6370832036155853e-06,0.0006054573466613227
IGF2,144.75112864961918,-1.1456598695219613,0.33620088945567383,-3.4076646001051403,0.0006552137737263846,0.027042474864229355
CA4,91.36581943672749,-2.310185521002236,0.6286821017097238,-3.6746481484355966,0.0002381774126162724,0.014716505282181222
JSRP1,50.32568157279552,1.605677456479654,0.4049365802401374,3.965256622475173,7.331702598218909e-05,0.007084230114122871
NIBAN3,88.64197606494189,-2.039587403474632,0.4234812462292381,-4.81624020339868,1.4628841192465966e-06,0.000553761875539747
MVD,1416.2219259114083,1.0601923584509423,0.21970332302433745,4.825563600298846,1.396079032820856e-06,0.0005398095490173806
GPD1,2117.9225411729753,-1.7218001009471866,0.49552556066994896,-3.4746948242575386,0.0005114348269509363,0.02330867845888573
KLK1,68.81161276638325,-1.220450295773871,0.3907587515974144,-3.1232833321958706,0.0017884549016862143,0.04703606192066226
KLK13,59.67306926343897,-2.281998918110387,0.5436804034149264,-4.1973168497096065,2.7009592845572454e-05,0.0037621673567062304
OR2C1,6.460433288976334,-1.2779652963916446,0.35492700280152323,-3.600642628778201,0.00031743163780207593,0.017370204724353053
CAVIN2,1131.3203880836936,-1.464657992364028,0.430987046491051,-3.3983805413382417,0.0006778605935030015,0.027608661337408323
RSPO1,158.15232523988158,-1.638922712271521,0.42486085852068756,-3.857551665215867,0.00011452847582409476,0.009259987537258148
PROKR1,11.544814195951648,-1.7750571668271777,0.5480918432703054,-3.2386126314814785,0.0012011258520443495,0.03796407211726816
SERPINA6,525.448831151553,-2.898411848143984,0.7474925673892834,-3.877512599579512,0.00010552986405976582,0.008880952375214171
FOS,25213.58568886403,-1.705002841862638,0.37881169895358846,-4.5009244608137955,6.765854954554268e-06,0.0015153443197966545
CST5,122.28904752029916,-3.1264046030338464,0.8646847906499754,-3.6156581413716755,0.00029958551864599215,0.016822798687527823
HSD17B13,34.947617785723146,-1.9207450172410967,0.48517536539487205,-3.9588675646749922,7.530597768348736e-05,0.0072114438629282416
OBP2B,412.753154898316,-2.6181443730666345,0.6321232459801617,-4.1418258064643325,3.4455198997466625e-05,0.004308162193766806
OPRPN,163.93466348573634,-3.1119674421321637,0.8276619874941185,-3.75994970066724,0.00016994752365555744,0.01174175394775395
SMR3B,32.321048206524516,-3.6320988615657694,1.0006347841148673,-3.6297947255337717,0.00028364670042711136,0.016297528987397742
CSN3,71.61983650353623,-4.3029231907804535,1.1476093615139127,-3.7494667916477153,0.00017721096048589364,0.012129679893515714
KCND3,1490.8348752284528,-1.1783559877694771,0.34083982127014306,-3.457213371895108,0.0005457925112546168,0.024424784203238594
KRT20,11.74585893326906,-3.4646745002255845,0.9653073395300141,-3.589193159882587,0.00033170300252584973,0.017877513918378125
SPATA46,35.343724655657994,-1.2947551021685566,0.41101794020526305,-3.1501182199539848,0.0016320440744561134,0.04489863779669739
ANGPTL7,77.78390640920124,-3.635182921135277,0.6366062784157246,-5.710253015697379,1.1280833814341464e-08,1.396046572347119e-05
LGALS9C,23.18516265311398,-1.7100846239469478,0.47765632460744484,-3.580156978665271,0.0003433878535518796,0.018323130308267457
CYP4F22,706.1091914469024,-2.013895490138249,0.47883668185848655,-4.205808716077912,2.6015020203115738e-05,0.0036874858592751193
CCL11,83.20736529960962,-1.3163209809714278,0.3744585575411393,-3.5152647855478967,0.000439315730902091,0.021129182298214765
LVRN,57.60931453102393,-1.5714415460813485,0.4045357675810066,-3.8845552656025,0.00010251737222035222,0.008772906017780344
ARPP21,9.03658602540154,-2.429068514980548,0.5429016278587614,-4.474233250250048,7.668599441804759e-06,0.0016340718916523836
PARP15,189.22781403807215,-1.3226259365643085,0.34028670614886225,-3.8867987278518923,0.00010157490643170503,0.008772906017780344
MAB21L3,15.901865221521783,-1.5171329872170958,0.4612689721461096,-3.2890419231071433,0.0010052904859236488,0.0353114202317028
SYT12,2226.5192460710136,1.1386557077568422,0.3267276932557747,3.4850296784162085,0.0004920824586588325,0.022716277173323664
INSM1,168.47901996832846,-2.1186286095296585,0.6365804375529265,-3.3281396733991087,0.0008742802143838138,0.03273196565029655
DAB1,60.01659781940368,-1.4046175468612434,0.3935431215178275,-3.5691579144970884,0.00035813051691824694,0.018855908519276335
HSPB7,320.56440942995675,-1.2553539414574628,0.3781751972146207,-3.3195036340393016,0.000901776310287077,0.0333129214234179
AP000769.1,177.32366901905164,1.0626665192418656,0.22468269578129352,4.729632228893438,2.249269191307061e-06,0.000738494749994857
TLR10,164.39476961508,-1.573945229357573,0.34225510405649645,-4.598748742393511,4.250360209355982e-06,0.0011155659591055803
NWD2,24.60953909593244,-2.2254054230953177,0.5607255455595208,-3.9687962154010545,7.223662306482066e-05,0.007022010826989939
CHRNA9,59.1214315984725,-2.957613557902729,0.644072781459972,-4.592048667541061,4.389159772929719e-06,0.001119359062424695
GRIK1-AS1,98.70650203505349,-1.9096343832754483,0.4758142577417927,-4.013403029027638,5.984959596668103e-05,0.006400647769270759
LEP,583.3091469103681,-2.586421815873738,0.6021146274473093,-4.295563831157838,1.7424988851806405e-05,0.002875212519465246
GPR171,106.14440475061653,-1.2928586801246937,0.37428569541979584,-3.4542027545953466,0.0005519222620152344,0.02459646911717754
CD164L2,83.825433432079,1.14157022778145,0.3410999574044003,3.3467322495969425,0.0008177014955424489,0.03118608424071113
ABO,392.062132809642,-1.4915272553955967,0.4000895504055785,-3.727983532395702,0.00019301798697337182,0.012726589789996506
CST6,198.3174878770643,1.717043081104369,0.38561413755806145,4.452749300058627,8.477771891496008e-06,0.0017374572508329655
PCSK1,104.94856828791521,-1.5366927690589431,0.40328486893576404,-3.81043993322673,0.00013871971503957354,0.010332049886836385
LPL,5153.3692448062375,-2.0489657953859517,0.446332176566181,-4.590674620748827,4.418156418695185e-06,0.001119359062424695
UBQLNL,29.825272957360994,1.0054980221388419,0.25673007417420735,3.916557206525593,8.982250885628482e-05,0.008187334404985326
DMRTA1,121.13467232417923,1.5882842919995417,0.46215210597798684,3.4367133059763546,0.0005888185045543978,0.02548388043482967
TCERG1L,12.783960627548067,-1.874575693595179,0.5113455650499985,-3.665966465186583,0.00024640621643987943,0.015008849508349891
PPFIA3,752.1544380384901,1.2346385907460327,0.2310785054848301,5.342940002816854,9.145103937339455e-08,7.00602057828177e-05
CD19,116.88890098406534,-1.7073511375683965,0.49816558789320997,-3.4272763495948166,0.0006096682801134282,0.02591372071457023
SUMO4,7.34843833129681,-1.0440227546069882,0.32979956289205586,-3.165628072553569,0.001547485209161019,0.04363881164764675
PSAPL1,6.571122751306225,-3.6682821879379977,1.153370617892072,-3.1804886747004524,0.001470268860481822,0.042466221593234384
ADORA2A-AS1,25.175446197585803,-1.1512188942713308,0.34827685453924206,-3.30547057396149,0.0009481705971996504,0.0341638713723359
FOXE1,4.228009070878683,-2.144331927285346,0.601564598776686,-3.5645912868642213,0.00036442360499476685,0.018901365699343503
ZFP42,6.961399859716843,-2.4846448577313995,0.7702993748130895,-3.2255574117975754,0.001257276164474161,0.03897313860127226
FAR2P1,82.914748649538,-1.6355263014994108,0.49598810925254766,-3.2975111116356057,0.0009754581489090611,0.03470478904244579
GPR139,71.54740695857558,-3.694780328248992,0.8351946651468526,-4.423855278816152,9.69549809394703e-06,0.0019403013397234381
SSTR2,1052.456629736028,-1.7482581207202958,0.4102064493858008,-4.26189818160575,2.0269779788016394e-05,0.003150726736517949
TMEM45A,1770.6665261102567,1.0309098991747327,0.2771093257245724,3.720228095821597,0.00019904293112973215,0.012990680227241909
EDDM3B,8.86397270662119,-3.219163578863938,0.6824582009136297,-4.717012081552153,2.3933348352948707e-06,0.0007765321416704232
GRIN2A,112.71523542913924,-1.1953949164777689,0.3761853512569922,-3.1776753466966636,0.0014846088748868948,0.04276524186066314
PNMA3,61.802687396664155,-1.55056617854177,0.45272798323581415,-3.424939999200625,0.0006149352109477224,0.025966083133141624
AC138969.1,8.48974454002884,-1.3801911473306856,0.4034637513015587,-3.4208553875738317,0.0006242451609132456,0.02618736935794601
DGAT2L6,5.373142962966765,-2.746714803910701,0.6949725946480845,-3.952263477816077,7.741543332515419e-05,0.0073478436066966414
COLEC10,18.91179261417046,-1.1846706397822244,0.27917332863577926,-4.243495055818149,2.2006522363090007e-05,0.0032630500624644425
NCMAP,383.68719285179594,-1.5134963748422743,0.4812117975268668,-3.145177201848991,0.001659862576365898,0.04526079513317723
POU3F2,4.362492728022768,1.5231619436407018,0.381481050058538,3.992759125012825,6.530890219325141e-05,0.006671045196730342
CLDN6,19.978031941593937,-1.9625199806510782,0.555491079250697,-3.532945989516745,0.00041095641925358603,0.020374320101546047
MGAT4EP,15.358617462233648,1.2437240196116544,0.3564300373496872,3.489391715859959,0.0004841211546770193,0.022477752197529254
TRARG1,1037.8003235387532,-2.042101645750688,0.5843345510996301,-3.4947473872762767,0.00047451063300293716,0.022227834308151485
LCN12,137.58983413334053,-1.321391026943806,0.36639100044750345,-3.6065051415833973,0.00031034871225366865,0.017097909092819944
MUC6,1531.3211259480095,-2.6787049529049276,0.6732950904273312,-3.9785006470265367,6.935122264735206e-05,0.0068590833320108045
NT5C1B,10.599643572466048,-1.0755620383018953,0.33859118649144704,-3.176580139155703,0.0014902261006964857,0.042834137917995785
NPY2R,94.82530335535759,-3.5810425046433614,0.829102118273737,-4.3191814683810055,1.5660896960837987e-05,0.0027238650816126535
DLK1,145.038269428042,-2.704344423250772,0.8267851914002448,-3.270915409927323,0.0010719997057691683,0.036453518098074275
SHC4,404.7400053314275,-2.05676922439726,0.4773147997026146,-4.309041382497894,1.6396368929908393e-05,0.002791373368723452
KRT79,19.483590572620486,-1.8624559043488127,0.5206514086243448,-3.5771648237152727,0.0003473411716644251,0.018499558371041037
KCNQ5,247.30923193957736,-1.6555061891368328,0.4026641563025747,-4.111382061761744,3.932977606724323e-05,0.004704367564087799
CYP4F2,4.950720990262776,-2.1101341297464136,0.5920156119876503,-3.5643217628362676,0.00036479823779501225,0.018901365699343503
BTLA,97.15121408711465,-1.681903995325526,0.40613616286360044,-4.141231806265891,3.454456259298347e-05,0.004308162193766806
MYT1L,5.950310993282363,2.7142473921115,0.4642603224075424,5.846391046376882,5.023523362645492e-09,7.3471312598400605e-06
CYP4F8,488.78433008315267,-3.622074844526397,0.6444852414334042,-5.620105181106264,1.9084123808343225e-08,2.0468358921908387e-05
CYP27C1,77.88016784859535,-1.5481920221661434,0.4498199547388367,-3.4418037836160833,0.0005778492357941675,0.02526026713001458
MPPED1,19.775188461565076,-1.9325477411326242,0.541627693712443,-3.568037165689386,0.0003596654969604539,0.018855908519276335
CYP4A11,15.545872185176734,-1.5995801431169165,0.4916259162493101,-3.2536530118679665,0.0011393134959979975,0.03705330241080051
ENTPD5,3575.340879857076,-1.2316821710007322,0.2964220373393626,-4.155163975175789,3.250543389102744e-05,0.00415254324525951
SLIT1,71.32895630918988,1.2558014637715489,0.3663450244647811,3.427920075088331,0.0006082244975305806,0.02588934352714325
FAM9C,15.374823583775889,5.851761792345689,0.5881958642931727,9.94866191277573,2.5559670574218836e-23,4.112039801980326e-19
TCL6,24.07938054733907,2.227004719763213,0.5550149150188314,4.012513284778395,6.0075696989053e-05,0.006400647769270759
KBTBD12,21.739419454052943,-1.8417635156514789,0.5410558025960206,-3.404017675837832,0.0006640245629416626,0.027286914862338363
ADH1A,10.940895507513522,-2.334913712983989,0.5774081479792692,-4.043783796878149,5.259542320875117e-05,0.005876077559599923
EIF4EBP1,2498.0312112088513,1.0020089893988102,0.2479476486537502,4.0412119043648564,5.317568015250966e-05,0.005899933395128107
FYB2,255.40523448603716,-1.7813011505676286,0.40739312969467434,-4.372437875677104,1.2286678555185874e-05,0.002315903230842747
CLEC17A,54.621531398312804,-1.9420077447616944,0.4199602483740823,-4.624265635331843,3.7592785822100398e-06,0.0010424805917615138
ZSCAN23,39.201165109534145,-1.2278042389105877,0.3876447516984075,-3.167343898069423,0.0015383827683258995,0.0434964885357242
MAPK12,393.19077996238565,1.0208780095428636,0.23962494664061446,4.260316064144855,2.0413802088687358e-05,0.0031508296816808844
POTEE,10.50214343354219,-1.3651822504439999,0.4294467927548885,-3.1789322297330385,0.0014781864746545243,0.042618394272835106
IL17REL,49.05676107808645,2.6631312699766,0.41719428211348913,6.383431854543371,1.7316267235374308e-10,3.9797729611814554e-07
SELL,1123.0997226260367,-1.2652675574630625,0.35416710259582723,-3.572515764986157,0.00035356819077449826,0.018680476365123575
GOLGA8M,7.546882195827555,-1.288621579957562,0.40798384638872587,-3.158511277747421,0.0015857717361236327,0.04425307144970859
RHCE,75.69716175923037,1.109793172340266,0.27510597448449303,4.03405696448378,5.4822018542874326e-05,0.006028757823596379
CNR2,43.71925680366524,-2.123181088388612,0.4706886396409495,-4.510797392535788,6.45843857966588e-06,0.001473806522973967
BEND4,12.874003080747045,-1.9523277238976064,0.51822728403964,-3.7673194446247447,0.00016500980168551667,0.011517039867750942
TMC3,96.54055629049634,-2.595816911675719,0.4957031487814104,-5.236635914169658,1.6352982998435424e-07,0.00011438556107775179
INSYN2A,580.4749582207115,-2.4359148596730784,0.48702136769941456,-5.001659108264228,5.68390294296355e-07,0.0002857582204574925
KIAA0408,4.408103957905824,-2.3633631845706353,0.7208486873726866,-3.2785842937225893,0.0010432920013093766,0.035979596392422826
PAX5,210.89771662113674,-2.94835591091322,0.548423306558075,-5.376058740860615,7.613396255750466e-08,6.281247126282743e-05
ZNF676,95.48790141214496,-1.5798881674208907,0.46042703494715415,-3.4313540420193256,0.0006005762222403404,0.025660136759498648
SERPINA3,451.89740674292733,-1.5171174923417379,0.38617274411427066,-3.928598057383393,8.544251071574523e-05,0.007877358810286013
CPNE4,40.78938533478175,-2.498157164807169,0.5518713583050459,-4.5267019699658295,5.991133890809844e-06,0.001396889304860127
CCDC196,39.56041763681827,-3.2249172374450445,0.5830230383221017,-5.531371876360365,3.1773590296605036e-08,3.09802133752595e-05
AC004057.1,4.3419970063813835,-1.4912460511862355,0.4181979640619728,-3.56588548806337,0.0003626296977951286,0.018855908519276335
IL27,11.929047537509941,1.2429198648770745,0.2816345876689348,4.413235871220985,1.0183694099145802e-05,0.001985882068691608
CYP2B6,8.399571104026052,-2.4087490151373445,0.5963385081606811,-4.039231044405934,5.362672104343346e-05,0.005929530502726856
CYP2F1,4.082603634139612,-2.5101299252715057,0.732266600748867,-3.427890774622892,0.0006082901450310883,0.02588934352714325
DMBX1,41.72696281015016,1.4255423283127495,0.45788238276605475,3.113337359042049,0.0018498443481630774,0.048078022412354746
CYP2A13,3.7308850840665535,-3.195996220970921,0.8328141398749119,-3.8375864048741506,0.00012424952173121077,0.009703525755396694
CYP2A7,93.30781502551872,-3.689526284144126,0.6873070351243132,-5.3680903811450165,7.957467662799696e-08,6.400986987956076e-05
PEG3,663.0797383698516,-1.5181457046385491,0.47752722173409495,-3.179181490691874,0.0014769158510770934,0.042618394272835106
ARC,213.84190842338194,-1.7255823221686835,0.4708121835650287,-3.6651182412112444,0.0002472243361333119,0.015008849508349891
TAT,3174.6893246974914,-2.4334613514529275,0.6964063369418902,-3.494312475872805,0.0004752843735706185,0.022227834308151485
SYCP1,10.453397341382352,-2.715923988191164,0.7028811167195917,-3.863987698042908,0.00011155084193366134,0.009132976819484702
L1CAM,356.7057629313221,2.0052514784319126,0.4204988985573233,4.768743712080265,1.853783147907397e-06,0.0006413691028717034
CSAG1,17.82494434666228,4.135759398328228,0.8189357701031965,5.050163333086634,4.4143245964122785e-07,0.0002367255136902691
RNY1P16,6.973790442450151,-1.7454449668378935,0.42977991227135975,-4.061253020443247,4.8810036767952034e-05,0.005589009761728201
SNORA73B,162.47771851052593,-3.099288278183586,0.5559538524068854,-5.574722190998171,2.4792518757810425e-08,2.492887761097838e-05
RN7SKP203,3.2862926722115207,-3.1982857613412454,0.9913844010132385,-3.226080376161312,0.001254981083077736,0.03893950947840813
SNORA74A,31.367488553440957,-4.4593351192968,0.9616598022118944,-4.637123345532353,3.5329160279214947e-06,0.0010066468769713963
SNORA23,20.159063917207316,-3.72311546219981,0.7546301136459699,-4.933695852941388,8.06880538781334e-07,0.0003659162620259392
RNU4-2,51.93872956009721,-1.8128494718285808,0.5456627650038427,-3.322289128186737,0.0008928212741513915,0.03313427602894484
RBM20,299.33902909066995,-2.2215224465099768,0.4205123348143315,-5.282894846570539,1.2715838513979837e-07,9.298745909677619e-05
CT83,20.224906189501752,-22.795852766811162,1.8447937465439874,-12.35685713349615,4.473054159374963e-35,1.439249906320488e-30
AWAT1,5.762574304175447,-2.526479859841865,0.7533511286579042,-3.353655106806293,0.0007975170138228861,0.03077625855231909
SP5,132.22313981086631,-1.7929654696557042,0.49822967781256877,-3.5986725590646325,0.0003198455950031165,0.017384040312196414
POTEKP,761.7870287557372,-1.6546611330783332,0.5147537815413065,-3.214471058617283,0.0013068508818832336,0.03993279579817181
MCCD1,20.985330216481096,-3.424105165379968,0.7954805119740488,-4.304448837951763,1.674019713962317e-05,0.0028200658804424877
MIR1915HG,115.81559654651254,1.0002668869696105,0.250957653096606,3.985799494963233,6.7253287012222e-05,0.006818201089341335
MALRD1,171.18768206552753,-2.635415471804646,0.5650775571343392,-4.6638119644488265,3.104050338221237e-06,0.0009422256951189295
MROH6,637.984892212489,1.3996499221625887,0.2901615396355966,4.823692085175583,1.4092491955948524e-06,0.0005398095490173806
CD177,89.01147811435898,-1.986729473734082,0.5336698615908649,-3.722768731611824,0.00019704999992654836,0.012886749588692315
LINC02397,14.829845929702115,-1.7904802458637707,0.49145522607051995,-3.643221499911064,0.00026924694933298267,0.01584673262172221
LINC01597,15.791552160694833,-1.227267945076609,0.38957943358894404,-3.150238024041929,0.0016313749228572113,0.04489863779669739
DUXAP8,220.83699893580732,1.055526069618,0.29098829237442947,3.6273832909394197,0.000286308119899356,0.01636278874934579
XKR4,12.120802998341365,-1.525191398322553,0.4711423028709982,-3.2372202390413674,0.0012070022073230081,0.03807500296355403
RNVU1-7,14.288503086471716,-4.379537740933966,0.9657618934485493,-4.534800731571093,5.765789505675794e-06,0.001364117964225179
RNVU1-30,5.613955298383645,-1.6535961270190371,0.45001732195941596,-3.67451661598076,0.00023830013683569446,0.014716505282181222
SNORA66,10.659459579907342,-1.1934906908812477,0.2629315589425121,-4.539168655453015,5.647645114420591e-06,0.001346063920011829
SNORD12C,2.7221658132129276,-1.5235551919175605,0.47642439813319754,-3.19789498163276,0.0013843468485647732,0.04092438582447888
IGHV5-78,12.70830846911069,-2.014805617975756,0.5308326756669443,-3.795556887006496,0.0001473124102565014,0.010821744548888559
AC015982.1,5.705180578600466,-1.1032330549006246,0.35452386047669826,-3.111872508149946,0.001859047660206343,0.04816160830499138
SNORA74B,16.371870406589135,-4.075515365127377,0.818215358142149,-4.980981259483198,6.326266680272065e-07,0.00030841508591580906
SNORD69,5.955632016825048,-1.2499604165860894,0.32845927246182205,-3.805526351007115,0.00014150294735142352,0.010515008854455896
EWSAT1,417.6925818192651,-1.209519999853452,0.3728052204051973,-3.2443751687244076,0.0011770859845009606,0.0374095052914583
AL049697.1,20.545806936870726,-1.0006167108561468,0.30180335254769225,-3.3154592300230497,0.0009149268581592132,0.033561863934489386
NOC2LP1,128.256450950057,-3.614773762358353,0.5289237620853989,-6.834205648289099,8.246066251066702e-12,2.6532542769432222e-08
AL122020.1,28.92297197174418,-1.021223977293696,0.24361802422876971,-4.191906491839514,2.766200150991731e-05,0.003803643421295296
MAGEA12,12.654635396086709,4.204820187074965,1.0949509602682068,3.840190419162699,0.0001229389153728713,0.009648006197652456
TAF9BP1,2.4354675189426476,-1.9668122869928581,0.6031950611478615,-3.2606571467115057,0.0011115435424322096,0.03664449284969137
ZNF99,35.92201727803964,-1.4426985471795524,0.4353485094059494,-3.3138933888809516,0.0009200658071342787,0.033561863934489386
GNAQP1,65.26044558151905,-1.7154131772366126,0.3844296608907801,-4.462228989463893,8.111147938410514e-06,0.0016947032212097188
PLAC9P1,125.40740708578592,-1.791438150803484,0.5484289834136994,-3.2664906578289625,0.0010888940063047792,0.03653415385491405
TTC34,73.80946621822369,-1.135582367633408,0.2740750894434264,-4.143325721208278,3.423052240311079e-05,0.004302348784540987
LINC01644,62.37148591723209,-2.590064528548685,0.6470385270679629,-4.0029525603142835,6.255684958002294e-05,0.006474072893446246
AL512378.1,35.62344027376021,-2.106054024116571,0.5081343690120799,-4.144679345762781,3.402895420200891e-05,0.004293786785897407
AL133268.1,6.6550540159070835,-1.1130672445888063,0.3294433910765237,-3.378629757760905,0.0007284804480119856,0.02890208001878378
AL136310.1,2.211106137741236,-2.0596115217957354,0.5570108196522591,-3.697614927985685,0.00021763469509900223,0.013730615587265679
XKR9,46.52944972874351,1.2107652797455033,0.3710684401077833,3.2629163487841097,0.0011027206366624731,0.03661624272987796
RAB6C,136.29044066975212,-1.2187675894853,0.3598476248604817,-3.3868990797364145,0.0007068738518882386,0.028394972607185973
RN7SKP97,7.479708677088298,-1.280394997559814,0.3859812128237457,-3.3172469410952727,0.0009090922772785328,0.033467909741091616
RN7SKP296,2.1336819276064616,-1.980908809484849,0.625383202761441,-3.1675120162133417,0.001537493560507216,0.0434964885357242
AL353801.1,2.4575431534239094,-1.809709841860917,0.5233754944933009,-3.457765716778474,0.0005446748208114918,0.024408714532633092
CKMT1A,205.69751266174032,1.1576302754394798,0.3720667394658084,3.111351143887619,0.0018623334058980358,0.04816916372039807
AL023754.1,5.079932424237591,-3.1169739674680614,0.6858827912100514,-4.544470290571104,5.507357400172217e-06,0.0013323664038191073
AL023693.1,2.991031770022453,-1.8537730826334375,0.5115610452601002,-3.6237573204795095,0.00029035405429580694,0.016564595835145184
LINC01087,614.9255869314659,-1.792106816330114,0.5598327001079003,-3.2011470855216375,0.001368816397026212,0.04074286437623996
AC008069.1,4.5053227646463085,-3.986000338026924,0.9188790049461535,-4.3378946701045855,1.4385406169928264e-05,0.002585837033092804
NPIPA3,7.513648018990603,-2.3889323550737958,0.6374932649456284,-3.747384461038262,0.00017868809887886775,0.012129679893515714
Z82186.1,16.564032197047972,-2.78817355962533,0.7360091573506075,-3.788232159585954,0.00015172304114358546,0.010970317048835927
LEMD1-DT,4.850999360035743,-2.9986046581384493,0.8021805739677456,-3.7380669084352802,0.00018544060155321185,0.012430701657450301
TACC1P1,13.953394584101641,-2.2632811713920726,0.6062693001958833,-3.733128447475099,0.00018911608921515745,0.012589938879332603
AL133387.1,34.59720382401557,-2.5896885422960625,0.5810688291690865,-4.4567672748842,8.320484573660877e-06,0.0017161532797571306
SFTA1P,20.26175297977956,1.0531994944398761,0.3282571288430779,3.2084588631839104,0.0013344839820181498,0.04020124715070192
KRT41P,29.016126359778706,-2.4236388348731683,0.7081206541511809,-3.4226354233070166,0.0006201719648322449,0.026084513909074916
RAB6C-AS1,338.1732960228467,-1.527219378526489,0.42975286080886543,-3.553715443922843,0.00037982994595841163,0.01942990197322393
AC073325.1,3.966941676826441,-3.2976992659600013,0.8829286224722133,-3.7349556714181427,0.00018774825514223558,0.012547894880142988
LINC01980,4.788265297102655,3.365779061095704,0.9333631637074039,3.606076596944882,0.00031086141283253563,0.017097909092819944
LINC01623,2.678723950335651,-2.0315068921303268,0.5462521616035357,-3.7189910355078353,0.00020002014957376643,0.013028033062116414
AC010970.1,27.352748967541206,-2.9241426715079144,0.6279592221857725,-4.656580504271741,3.215045970492682e-06,0.0009490579738217663
PHF2P2,3.8894760364245564,4.625176540472449,0.711831315760183,6.497573846597495,8.162562890614662e-11,2.0202971043724412e-07
RPL6P4,17.572116294010094,-2.327360831610223,0.5951848221467265,-3.910316165684205,9.217539043447016e-05,0.008354465810195808
HHLA3-AS1,4.3403781664854275,-1.0783997814821944,0.34199257130338373,-3.153284228871566,0.0016144453023759007,0.04462748457839088
GTF2H2B,122.86163520739294,-1.3695609139080742,0.422456633502926,-3.2418970500047513,0.001187369067743322,0.03764018435833412
NPY6R,8.212145918908467,-2.1544159840969392,0.5372143516631499,-4.010347038248571,6.062956817639044e-05,0.006417161136985325
MLXP1,2.664069956994042,-2.0274899923492793,0.640350967396677,-3.166216802313838,0.0015443564277442844,0.04362705216777884
AC092155.1,4.030125652495676,-1.802616411834669,0.5785013397036493,-3.1160107818559264,0.001833155698304679,0.04772137358305125
FSIP2-AS2,9.328340685483353,-1.3549839744705259,0.3782515878775961,-3.5822294417148743,0.0003406743749812547,0.018208536028898423
AC073114.1,31.861585084261055,-2.31958977520654,0.5346585737444199,-4.33845053481806,1.434907709674183e-05,0.002585837033092804
LINC01203,3.039129088021509,2.2146490258616525,0.4284165151154032,5.169382943290805,2.348681911453717e-07,0.00014817880231947998
AL161725.1,29.235261850146834,-1.03339499485768,0.3026665466934992,-3.4143019971882334,0.000639456536014108,0.026636096594354234
AC244394.2,4.6364278677824675,-2.066775883186905,0.5483599762741391,-3.7690130071667944,0.00016389434771113445,0.011485716000130115
HSD11B1-AS1,33.82478457675087,-1.5788108334502347,0.48164702785096614,-3.277941609013227,0.0010456702374291992,0.036005019880457394
Z94721.1,11.789439311251117,-1.0704964017488783,0.2732781819134823,-3.9172406456062743,8.956832619927414e-05,0.008187334404985326
AL160408.1,27.167670883590187,-2.753844818758721,0.6238290995806743,-4.414421867479092,1.0128028586642226e-05,0.001985882068691608
SNX19P1,8.354376240590119,-2.759872275165081,0.8455754629640588,-3.2638982516009802,0.0010989062199093886,0.03661624272987796
AC004830.2,12.290351978882734,-1.093922740134518,0.2950418026258691,-3.707687284983404,0.0002091607194050711,0.013459910615155135
ANKRD49P1,8.123594194380729,-1.069064511549644,0.3252279737793538,-3.2871234879535156,0.001012164383796488,0.0353114202317028
AL845321.1,3.5922580634352617,-2.448875125629958,0.7740428172320444,-3.1637463343269143,0.0015575248229565979,0.04373721554937674
TRGV5P,5.775166787981187,-1.6346261188367097,0.46635906117251835,-3.505080644786741,0.0004564689916873189,0.021726843604336053
CDCA4P1,8.652496959111945,-1.2242559574652758,0.36224516128075307,-3.3796337075609224,0.0007258249273263631,0.028867914538508108
BTBD6P1,2.5493836472033182,-1.8940342548677167,0.5484709555251697,-3.4532990959460172,0.0005537746266077782,0.024644885734068978
AC069542.1,2.3987050489193975,-1.806834103148195,0.5525679244332626,-3.269885969225162,0.0010759084637298277,0.036453518098074275
AC073850.1,12.314982118437504,-2.4194413432544573,0.6861150445690829,-3.5262910533815743,0.0004214235555497324,0.020545036853588165
AL360091.1,6.893335869138115,-1.065722508692704,0.34169771934805,-3.118904365899994,0.0018152486930210457,0.04748572515987412
AC006059.1,82.87847764067146,-1.1060653474763678,0.27789347675759624,-3.980177442024585,6.886384681275034e-05,0.006855554366641735
AL035409.1,31.196918340226485,-2.3940916598498374,0.5863189827673373,-4.083257970857579,4.4408677848288404e-05,0.005158460716413457
AC073370.1,3.2320740994813533,1.3823114412870654,0.3367474990809129,4.104889999360996,4.0450731342829837e-05,0.00482052863587738
AL160408.3,8.025325736066913,-1.8213124861103445,0.5648909155923062,-3.2241844147920844,0.001263320154576081,0.039085182013115366
MTCO1P53,46.97978126386996,-2.797605427274519,0.6040910095290775,-4.631099260118783,3.6372943541175063e-06,0.0010176833316355208
AL139241.1,4.8525986738398235,-2.0334861413029204,0.6412564436037608,-3.171096620682744,0.001518646217002103,0.043261037413043664
ARHGAP42P2,3.6467294092072833,-1.7477136196058005,0.5512287236579815,-3.1705779191038617,0.0015213602425590022,0.043261037413043664
FAR2P4,15.796411005965558,-2.656276768771639,0.6691514750658943,-3.9696195372057774,7.198748532913151e-05,0.007022010826989939
FSIP2-AS1,9.209037749292717,-1.1308924872274542,0.33533451000421627,-3.3724309711315876,0.0007450776066625804,0.029393342566972156
LINC01698,2.9506810217360466,-2.053785632109884,0.5843709035552094,-3.5145241140772323,0.0004405426725130811,0.021156568702658057
AL354993.1,6.711842467101996,-1.9807707735787996,0.6213901066648159,-3.187644528507512,0.00143436753925204,0.04169244668264179
LINC01611,1.9474238741661356,2.3373529288491954,0.6822722640860659,3.425836065577404,0.0006129101862200416,0.025966083133141624
AL133230.1,46.42614840166413,-1.3333596311227949,0.3559828853347712,-3.74557229027706,0.00017998300868209558,0.012173763446564703
RPL3P8,1.832549619272826,-2.228631061828537,0.7030890249722216,-3.1697708009545282,0.0015255922490133341,0.043261037413043664
KRT8P52,4.281039967919445,1.100819347595004,0.3271360000818289,3.3650205031535756,0.0007653797131923661,0.02988696316951162
AL122034.1,2.257034551893059,-2.9827994775510667,0.9522698759408197,-3.13230477295539,0.0017343973125663362,0.046120634652177216
AC000078.1,13.27927061276008,-1.025583875748458,0.28362844411032123,-3.615941549746481,0.0002992579005517521,0.016822798687527823
PHGR1,155.29204210691742,-2.1600157965904936,0.6976686281320825,-3.096048337981968,0.001961183877608706,0.04960631948462188
RAB6D,10.479409683259991,-1.0982381093466396,0.3061898594616187,-3.586787985982616,0.0003347762992016466,0.017974804391675592
AC093797.1,35.21430224763582,-1.3437721198306074,0.30646169418032554,-4.384796355788325,1.160943335061806e-05,0.002223482901723135
AC007743.1,108.56306354376264,-1.5837933082162923,0.37922496979850584,-4.176395106729949,2.9616521681324115e-05,0.003916400927371899
CHRM3-AS2,20.746761987531276,-2.3013077264078796,0.4787101176083872,-4.8073095632594995,1.5297502207989778e-06,0.000572340036097999
LINC00513,27.264715480157772,-1.6797017914590853,0.4364410623826412,-3.8486337245381357,0.00011877845126939977,0.009459939227832196
LINC01694,20.370958172292646,1.683227020077995,0.4611750113452392,3.6498660566366166,0.00026237708906440787,0.01563378744025257
AL049552.1,28.618431046344426,-1.0492614916587515,0.26181377146307916,-4.007663484602902,6.132241160309139e-05,0.0064313612807704295
AC068533.3,5.108652031224529,-1.2620956248927448,0.4007817342111628,-3.1490846941337285,0.0016378272083815487,0.04496582053939635
LANCL1-AS1,15.616308519178776,-1.0145795681727396,0.28235125950952533,-3.5933240387706222,0.00032648615440222534,0.01765549328411093
AC002064.2,14.528314570131364,-1.4131457563316079,0.40756320015280345,-3.4673045942366527,0.0005257058116900255,0.023826720827594853
LINC01287,13.67628942334387,3.8134601187275448,0.4501766463567051,8.471030537878868,2.4323145575479276e-17,2.608738440122071e-13
ACTG1P25,43.23036147384402,1.1455092472240345,0.2895856480980045,3.9556837666083493,7.631605776450364e-05,0.007286485087924834
RAMACL,15.279022167808337,-1.1714490815725354,0.3634055221864891,-3.2235313170925948,0.0012662045224809378,0.039099229093422894
AL354733.3,5.555491535923779,-1.129540272562178,0.2925552250053374,-3.860947185412841,0.00011294831834686841,0.009177336088709187
LINC02154,4.819455442028332,-1.8959955158577382,0.6042651440584756,-3.137688040590109,0.001702860077674564,0.045781370873590015
LINC00402,13.417714858560776,-2.0115541865708093,0.5703416916047213,-3.5269281838945927,0.00042041077895644315,0.020526763617151007
SNTG2-AS1,13.592067937873656,-2.013435604538692,0.6020259093658796,-3.344433475727756,0.0008245080068931414,0.031342182341919204
ADAM21P1,2.039990385402012,-2.209958618340376,0.5904233315315829,-3.7430069245530166,0.00018183121611716401,0.012239751484907675
NDP-AS1,3.2891539597333614,-2.8231145215435527,0.8549628436007582,-3.3020318282531838,0.000959871776097372,0.03431704338418465
TLX1NB,5.859946641236989,-2.557605780977564,0.7381105412636614,-3.4650714737102755,0.0005300905783800595,0.023854817412526985
TRHDE-AS1,101.26592310419672,-2.3647676178306996,0.58019755857647,-4.075797257114833,4.585696055460928e-05,0.005288507393566696
LINC01010,15.347475450276159,-1.1819158005596409,0.38244283425935544,-3.0904378241222816,0.001998616444472778,0.0499171537943791
SNX25P1,30.860936550440627,1.064482238953716,0.23546367061872073,4.520791832373157,6.160874871663735e-06,0.0014261317256881463
CNTFR-AS1,5.3342096334254325,-2.1637078345374547,0.6912754262919456,-3.1300227843245483,0.0017479274527305506,0.04636758022896658
LINC01792,6.711705331095465,-1.9559921047855588,0.45286221625996864,-4.319177079817823,1.5661208357109054e-05,0.0027238650816126535
TMEM26-AS1,14.163718937836425,-1.65242606741559,0.45534913528669724,-3.6289210615831924,0.0002846082448441263,0.016323627247958303
CKMT1B,222.14494865810076,1.3443575682568178,0.3837846013992327,3.502896060330329,0.0004602290129481181,0.021782557571531583
LINC01522,103.37489094272503,-2.192635168723885,0.5150460820218531,-4.257163087459139,2.070373278108671e-05,0.0031508296816808844
LINC01856,9.303638214236676,-2.2719625857882777,0.6065979949078456,-3.7454172365562046,0.00018009421309562402,0.012173763446564703
SIRPG-AS1,4.674583419001964,-2.174480066963438,0.5856912923402788,-3.7126726919137703,0.0002050820353379865,0.013277101748561476
TMEM161BP1,18.30132231058223,-1.6048935943816833,0.4921099077542534,-3.2612503204936987,0.0011092207117251278,0.03664019947770552
AC244197.2,9.772453847404535,-1.7612846393671,0.3774170386648875,-4.666680247393289,3.061051234044053e-06,0.0009380227095866805
RNF14P3,6.521047960551418,-1.3584417861646847,0.41776534874045745,-3.2516861205945435,0.0011472263622926255,0.03706140103727662
LINC01410,238.7650666598293,-1.1738468114807772,0.3357490749475064,-3.4962026676151097,0.0004719301137556158,0.022227834308151485
RNU7-45P,2.3285201696788174,-1.7537233830824264,0.5600185966082264,-3.1315449053012125,0.0017388919119505103,0.04620197040373214
CDRT4,38.13155067999439,-1.0096706860313562,0.2924861893895443,-3.4520285834304407,0.0005563887824730827,0.02465890559897233
DENND6A-AS1,3.354328290347431,-1.5474159272852024,0.4900367072597302,-3.1577551321375563,0.0015898904467282465,0.04432956240375048
RN7SL674P,11.629386290705774,-2.370765917008312,0.5736984794109175,-4.132424962050886,3.589559713961493e-05,0.004442218206016346
CPHL1P,568.6631044468229,-2.03935625111601,0.534078767945959,-3.818455953527745,0.00013428955493355655,0.010155684034556182
PRICKLE2-AS1,4.934859112033149,-1.61766226586063,0.4627238990343763,-3.4959557291862553,0.0004723670634635992,0.022227834308151485
AC022730.2,1.7257086252449263,1.505268140814691,0.4620410065467972,3.2578669847180155,0.0011225300957300457,0.03691836747729041
AL160408.4,11.242926582730886,-2.305193243297917,0.6687193730721003,-3.447175805163005,0.0005664798270158176,0.02489740739634244
AC244197.3,31.909224103630333,-1.0898020422429127,0.30279413631114516,-3.5991517389327976,0.0003192568720250453,0.017381402900639352
AC093010.1,2.550792125627762,-1.8227043384838246,0.5737957995319052,-3.1765731641304487,0.0014902619376743961,0.042834137917995785
RN7SL127P,3.201252198676551,-2.855518723367912,0.8336969770527249,-3.4251278365704354,0.0006145102013264168,0.025966083133141624
AC121764.1,2.902382921899258,-2.8028146550639415,0.8901134045964108,-3.148828722936461,0.0016392624158600175,0.04496582053939635
AC010326.1,3.254017922199573,-1.3640497222541268,0.4347643023134227,-3.1374464623610696,0.0017042639549491275,0.045781370873590015
LEFTY1,7.9548820424784275,1.302469256053254,0.3383930380900153,3.848983606178052,0.00011860894416307693,0.009459939227832196
RN7SL145P,5.402118694639912,-1.1294944564392968,0.34225619071608526,-3.3001432467185263,0.0009663548966982863,0.0344716576010688
WNT5A-AS1,44.143436672894545,-1.1209660731999433,0.34089327715989404,-3.2883196833305712,0.0010078732374978016,0.0353114202317028
LINC00861,126.94613187766531,-1.633359605579522,0.3913362243376449,-4.173801207245919,2.9955916415404828e-05,0.003926689079491141
AC139795.1,65.5717760952594,-1.0132078036453427,0.26357423526967094,-3.844107913691558,0.00012099175923628367,0.009583289244923547
AC010547.1,4.237001788952628,-1.1705135851662658,0.35261496890342114,-3.3195232431748,0.0009017129792993792,0.0333129214234179
LINC00926,146.89929708563548,-1.019917802881446,0.2785728018146404,-3.6612253466154576,0.0002510118542919403,0.015210089310164729
LINC02115,8.119453862824127,-2.0760079162625145,0.5838016625172927,-3.5560157662295477,0.0003765214919827052,0.019322098127648363
AC093297.1,265.40033747565093,-2.5859569805155416,0.7999344880062547,-3.232710952319038,0.0012262156414620496,0.03838007245105341
HIGD1AP14,3.056101337645036,-1.7254465691281708,0.4768425478120481,-3.618482824247201,0.00029633516239361874,0.016727859973994872
AC026436.1,18.202801192736207,-1.1006147865645959,0.27230314013784657,-4.041873281400418,5.3025887050838526e-05,0.005899933395128107
LINC02432,24.169674261346657,-1.4265498786809678,0.44158330295520165,-3.230534010534566,0.001235592032146534,0.038635966206362365
C5orf17,19.485644735811746,-2.5359095459081873,0.6724204438014499,-3.7713153567606015,0.0001623892948376847,0.011408379805016033
AL691482.3,46.254980674162816,-1.5244825240434423,0.3982901684427063,-3.827567549568419,0.00012941587399751154,0.010005649534353817
PRDX2P3,2.817147010016148,-1.7766523827094425,0.5663444817409469,-3.137052518368327,0.0017065555549660336,0.04579660678614437
C1QTNF7-AS1,11.642739159782362,-1.326374209647879,0.35386662644330186,-3.748231990620898,0.00017808549695915278,0.012129679893515714
LINC02405,2.994028659140352,2.9904303315961065,0.8523496653281717,3.5084548668705478,0.0004507177024599729,0.021484878213854947
LINC01016,186.42411896607086,-2.977473187171806,0.5613579757463882,-5.304054303696179,1.1325859652370446e-07,8.47490372499236e-05
AL033397.2,29.856911130526147,-2.0163513592510354,0.34602445072195764,-5.827193295283176,5.6367312133993554e-09,7.88554189227555e-06
SNX5P1,2.5944514250568873,-1.2044730742494067,0.38901706802745406,-3.0961959596189326,0.0019602077139579508,0.04960631948462188
ARHGEF38-IT1,10.068131094564206,-1.6048662609020008,0.4735472804860962,-3.3890306776856702,0.0007014016295592949,0.028281076231453477
TUNAR,19.770229469323166,-2.3655161954651542,0.6397323956245342,-3.6976651669419303,0.0002175916398688386,0.013730615587265679
AC093292.1,9.690400399460959,-4.407392288740583,1.1377857366602488,-3.873657532109372,0.00010721404829903851,0.008914003147467346
AC106798.1,1.9171533668249268,-2.5777575581124346,0.7220711558543983,-3.5699494948836112,0.00035705006049606273,0.01883351269921527
KIAA1210,49.17058694982721,-1.619432605103905,0.41704642928266833,-3.88309907817548,0.00010313351909500193,0.008802185969232844
AC109361.2,11.479978319295252,-1.7420548238894535,0.43187216363006,-4.033727965346919,5.4898870037100296e-05,0.006028757823596379
AC244502.1,32.53546116562001,-1.2715864011692573,0.29770523176741254,-4.271293432164828,1.9434249255563374e-05,0.0030956257626089463
LINC02506,6.851213275520247,-3.495243480114072,0.8774216409163942,-3.983539175604992,6.789647280475115e-05,0.0068269903405177275
AC084871.1,3.662263817150877,-2.061972541877092,0.6411873210755246,-3.2158660567684794,0.0013005151626143427,0.03985273892598008
AC015631.1,1.9927860365596164,1.8329902695979452,0.4550610894192343,4.028009232644512,5.625113521798934e-05,0.006144462104401191
LINC00923,9.609268777633696,-1.6967909170344297,0.4387946559567787,-3.8669361488339633,0.0001102112689256655,0.009046320890184216
SCARNA6,17.648448219619784,-1.902925322985594,0.4622505973985097,-4.116653031267081,3.844141189160529e-05,0.004649965673023654
SCARNA5,21.23408630527452,-2.7808146137922587,0.5913515511999485,-4.702472849102253,2.5702940709682587e-06,0.0008118193530071052
AC127002.1,2.9038451098425533,-2.012543776120593,0.521718963640002,-3.8575246758890946,0.0001145411188410226,0.009259987537258148
RNU6-638P,3.6521017582528494,-1.6828442437180617,0.5387626459175087,-3.1235354872314707,0.0017869231536061703,0.04703606192066226
AC091182.1,131.89632818203387,-2.1447913770617273,0.4435523071495828,-4.835486914372923,1.328201122546931e-06,0.0005342024914883756
AC084026.1,9.510300342991236,-2.0799070769329258,0.61980514021531,-3.355743510307773,0.0007915193983831203,0.030647326308514175
LINC01606,8.708432752286175,-2.782530602224544,0.7627633174085013,-3.647960695957731,0.00026433006181394156,0.01569203702753761
SERPINE3,11.497066087506665,-1.0293592817706125,0.2985398430867434,-3.4479795766206087,0.0005647967428134414,0.024860328312948415
IGLV3-13,1.8118499292223704,-2.5268775125285834,0.7030737409005682,-3.59404336349115,0.00032558561331105074,0.01763643551161005
AC114550.3,2.507508288672936,-2.369074023995079,0.6605586408565418,-3.5864704168022348,0.0003351840699591421,0.017974804391675592
PCDHGA10,259.26399711558975,-1.0037359394982324,0.3097464774540104,-3.240508004315439,0.001193169223294613,0.03774966856315386
AC011383.1,2.160718250251818,-2.1643564413762046,0.5947237441369196,-3.639263544987903,0.00027341886712613895,0.01593754613885987
NATP,5.439817820862693,-4.523789918824683,1.163288266085836,-3.8887952803358585,0.00010074304929752489,0.008737219283550299
AC008663.2,82.91878095202047,-1.1395230032146606,0.35493932317244453,-3.210472688767235,0.0013251686056962465,0.04001846627528269
AC079296.1,84.60140564387945,-1.774527123724453,0.4717613999067167,-3.7614928310695563,0.00016890226320159937,0.011712498320635045
IGKV2-29,34.0861708879671,-2.5005862655581965,0.6233526143672025,-4.011511635507731,6.0331202954715726e-05,0.00640665606030011
SLIT3-AS2,68.76333456781649,-1.3289129582521342,0.41163529225202083,-3.2283746881414546,0.0012449579049182821,0.03882855847069097
AC115837.1,22.07425225262338,-2.562720523542565,0.7404713034367576,-3.4609315872852626,0.0005383095930321091,0.0241571122251062
LINC02055,14.25279410337532,2.6532724100216276,0.5715171782694535,4.642506841274136,3.4420723800874576e-06,0.0010066468769713963
AC008663.3,73.41578590220217,-2.5162054209939253,0.5286629202247031,-4.759564790215354,1.940108408476748e-06,0.0006571045068541879
MIR2052HG,59.28281785670867,-1.9397055972621178,0.5496982515523422,-3.5286733981496377,0.00041764823080066597,0.020485136393661934
AP001001.1,14.967007799841237,-1.1239050489401707,0.2903310766980719,-3.871115216883824,0.00010833856658159699,0.00894618013851737
AP001931.1,19.7161332560736,-1.0365687758551876,0.29261509568788946,-3.542430965218615,0.000396457179008025,0.019963076982413477
LMNTD2-AS1,63.18138644664595,-1.18383012911428,0.37452689499370767,-3.1608681377452728,0.0015729969077082906,0.04401108565427996
LINC02551,14.009869094253178,-1.3490541039175223,0.4209716560091205,-3.2046197996006995,0.001352409958532342,0.04055465314607329
NOX5,102.77063471896471,-1.1706123445922956,0.3742370635340655,-3.12799681981723,0.001760020856320416,0.046487917783672374
AL354813.1,9.702115260155708,-1.5640389281709184,0.4589345705869202,-3.4079780178048193,0.0006544616673758443,0.027042474864229355
AC140847.2,5.932869462353178,-1.2975953706722623,0.39260276861140386,-3.305110086874133,0.0009493910143835359,0.03416958084877478
IFNG-AS1,20.607228680296693,-1.6599203675271745,0.4710864948554329,-3.523599987803877,0.0004257264337727094,0.02066089552499351
AP000808.1,9.079266358346668,1.1949727174778035,0.24743513949213825,4.829438211284341,1.369187918035065e-06,0.0005398095490173806
CYP2A6,639.264221881654,-2.908897734616906,0.6697549952393057,-4.3432266355513285,1.4040515706223034e-05,0.002552359510527866
AC079949.1,6.98682017182163,1.8277882399874985,0.46803554357671423,3.905233833352897,9.413431736385307e-05,0.008413516098609268
RERG-IT1,27.1050282311547,-1.110834229190364,0.34041635695024197,-3.2631634952627513,0.0011017593906463615,0.03661624272987796
STH,4.5231778353405145,-1.5871377295139755,0.5111131087334342,-3.1052573342268373,0.0019011354587189667,0.04874178049381791
PARP11-AS1,18.238755509925138,-1.0002012381087093,0.29252033990671394,-3.41925364378996,0.0006279316388936363,0.026296367600355638
SLC5A8,267.3324643116517,-5.177380771211637,0.7559158451712175,-6.849149682844581,7.429023408193145e-12,2.6532542769432222e-08
AL139020.1,3.7021039188260874,-3.2894129103427336,0.9021449055590979,-3.646213474213595,0.0002661329146867605,0.015747833863318145
LINC02413,1.8212771399377,-3.038712253581542,0.6559938888491289,-4.632226466183454,3.617541225080915e-06,0.0010176833316355208
LINC02354,4.059507047554149,-1.1088188674662762,0.32113084616296395,-3.4528569295507197,0.0005546831098166818,0.024651220637377836
OR5BK1P,4.523947799188429,-1.514761730628441,0.4004365216202094,-3.7827761676171585,0.0001550888692339763,0.011064610768231533
C1GALT1P1,7.314906012535915,-1.2790298270869052,0.3671855434999339,-3.4833338341577043,0.0004952104301550856,0.022827923783194894
LINC02306,28.79163811832866,-2.215276318061489,0.6890066068285293,-3.215174275698632,0.0013036535007271296,0.03990937394868635
LINC02412,6.631723693218751,1.1313972485635948,0.35327422633230693,3.202603428814384,0.0013619138473427198,0.040650222590073615
AC144548.1,5.9133834376862975,-1.0913646748253067,0.3114980532108745,-3.5036003068901587,0.0004590137463388739,0.021782557571531583
CRAT37,9.774599278779975,-1.813300629044014,0.5471029013454258,-3.3143685120016304,0.0009185036764153672,0.033561863934489386
DUX4L27,11.173167677810016,-1.2328979669678348,0.39170852325527045,-3.1474882311007923,0.0016467973514464659,0.04507129519046733
TMEM179,34.8616585832946,-2.834479324636317,0.6588336801384163,-4.302268402612345,1.6905834284598025e-05,0.002833136062193886
AC103739.2,3.8413789181691156,-1.1789557727596183,0.3525369160290046,-3.3442051574043408,0.0008251869035476239,0.031342182341919204
AC116158.1,10.716586571749334,-1.5001799039179975,0.34388519313593174,-4.362444018707729,1.286175030163814e-05,0.0023757033976375703
TPM1-AS,13.740021499293926,-1.443694142522051,0.3728005456091738,-3.872564457122739,0.00010769618145213003,0.00893101117114365
NR4A1AS,54.44179817759606,-2.5064322776071917,0.4367134440874073,-5.739306429745575,9.506507236497628e-09,1.2235255073661907e-05
AC009754.1,9.53198466898284,-1.2462509306404754,0.3355068248719706,-3.7145322784895503,0.00020357988408068283,0.013206424093104942
AC108206.1,2.2200008534660363,-2.828961397588057,0.7264576744484086,-3.894186126860119,9.852897690420793e-05,0.008621417984515996
AC120024.1,4.594537509796298,-1.1136059439598676,0.3185981815391268,-3.4953305087308117,0.00047347505919831623,0.022227834308151485
AC064799.2,7.784350156325815,-1.7189795108296764,0.4779579522428649,-3.5965078157256203,0.00032251789756711154,0.01749972322448462
AC025917.1,77.999367385609,-1.540064560280575,0.3098614271757861,-4.9701719065758,6.689356613470021e-07,0.0003165246152867815
AC116903.2,3.5913286261742576,-1.7289087325196926,0.5453622516042417,-3.1702024249641805,0.0015233277444126445,0.043261037413043664
AC009133.3,8.214659276064888,-1.6768947033138042,0.4564784364268109,-3.673546370426783,0.00023920724336713012,0.014716505282181222
TAT-AS1,8.050559173214898,-1.5070124798555546,0.39790925853286524,-3.787327003679366,0.00015227663676988567,0.010970317048835927
AC036103.1,10.721937575958837,-1.1522623695460232,0.35062109610206804,-3.286346378914383,0.0010149611849158584,0.0353114202317028
AC105046.1,49.252671284746015,-1.7031569087835365,0.4704992562195735,-3.619892882442101,0.0002947249991840696,0.016682965558503345
LINC02128,4.574836981281738,-2.501009348877795,0.6554011827660903,-3.815997612824562,0.00013563381509794543,0.010196620641568907
AC005586.1,32.7034313013485,1.2903603054724484,0.3058318266868902,4.219182546993436,2.4518969348729413e-05,0.003506321590065411
AC010735.1,20.587427579892704,-1.3292478752100754,0.3677751450887393,-3.6142950195542585,0.0003011659764354098,0.01685272427440999
AC010531.3,3.3074786547649815,-1.6799815241139298,0.41462879290071336,-4.051772459796869,5.083108732748916e-05,0.005718675055417103
AC008731.1,11.104918805883223,-1.109194658812043,0.2886926991502229,-3.842129233184616,0.00012197158178129324,0.009595495392163549
GFY,2.4554093569125945,2.092369222337892,0.664949751254984,3.146657651031355,0.0016514820388499887,0.04514705699408431
AL079343.1,9.986340518871447,-1.6046963553280431,0.5052297142555658,-3.1761717690981297,0.0014923256031226153,0.042834137917995785
AC092115.3,9.271064405011188,1.1050352602843767,0.28756943451683037,3.842672856178333,0.0001217016424642397,0.009595495392163549
MRPL12,226.1609505432491,1.0105136014105207,0.29655374810197616,3.407522608896633,0.000655554773561005,0.027042474864229355
CR936218.2,6.317570297639007,-1.8475272829343745,0.5621172044106004,-3.2867296507524113,0.0010135809038585351,0.0353114202317028
AC015921.1,23.741794647541237,1.23142807063105,0.3078451532746922,4.000154160401022,6.330123374337421e-05,0.006492123753281972
MTCO1P40,379.6221815947525,-1.6266649781158184,0.5192933703086212,-3.1324585891575607,0.0017334887944447455,0.046120634652177216
ROCK1P1,165.57818500411523,-1.1330436679395408,0.3129393304231185,-3.6206496205113528,0.00029386425320561,0.016676148520535637
AC119396.1,26.7267319593569,-1.3340551374247551,0.3224963443865232,-4.1366519672106525,3.524099948981459e-05,0.004378047874842758
AC011825.2,7.906591332019545,-1.041873400118101,0.31721474222881135,-3.284441929771925,0.0010218455357062454,0.03546807115089984
MIR4639,1.4672370024625714,-1.5552850065511141,0.49563439903878276,-3.137968247497315,0.0017012330509885098,0.045781370873590015
AC005726.2,2.2763664413200018,-1.4775131053415644,0.4600903095220046,-3.2113545422779652,0.0013211083263308609,0.04001846627528269
MIR5685,9.189964712023231,-1.565228251468944,0.36677638337290014,-4.267527361153955,1.9765153520829046e-05,0.0031110243324790955
AC104984.1,6.231381068800379,-2.5152885726724676,0.6905804051480027,-3.6422819905140518,0.00027023181185503834,0.01584673262172221
RN7SL262P,5.261434939107048,-1.4366479128658354,0.3904082870988763,-3.67986018826999,0.0002333618624831346,0.01453892864683808
TUFMP1,3.030800872659864,2.6840556655513383,0.4919259021622322,5.456219430108732,4.8637882100096144e-08,4.272417850157995e-05
MIR5195,3.9381243535550676,-2.6907425069740403,0.7455591514372163,-3.6090261943496893,0.0003073485777277833,0.01706394694617154
AC005828.5,3.7048003195647174,1.1243967206870153,0.3166382998055548,3.5510445873967202,0.0003837054072913725,0.019504115616125122
MIR4668,3.084089191923811,-1.602236868520949,0.49299143636200193,-3.25002981866085,0.0011539290836530584,0.03716598818380461
AC005288.1,2.40098298656197,-1.4216064258094108,0.43775837822562147,-3.247468230240729,0.001164366624141524,0.0373767666331485
AC023421.1,43.51355556311047,-2.1183050029025154,0.47663117098675845,-4.444327462924924,8.816722994738539e-06,0.001795486576447514
AP005131.2,21.598262709791474,-1.0812755336343411,0.3476951910040258,-3.109837471470296,0.001871903136393767,0.04822286254331933
AC008742.1,1.7764235929540677,-2.3998413165382977,0.6126865482202364,-3.9169153027914207,8.968924188650303e-05,0.008187334404985326
BNIP3P30,8.736317254071265,-2.0802220878966327,0.6500880035211015,-3.1999084379798277,0.0013747125236605246,0.0408418328921458
AC007785.3,12.028456208579266,-1.0649164424726523,0.3331317315055208,-3.196682698642906,0.0013901775766458047,0.04092438582447888
AC006262.1,41.564815884278254,-1.4865317428952334,0.4262166027597288,-3.4877377682380817,0.00048712558552486463,0.022584658270674414
AC123912.4,34.431129605920816,-1.360652899694728,0.4307537685377796,-3.1587718995786127,0.0015843544118723774,0.04425189892049099
SCGB1B2P,85.48522373816142,-1.506323282692345,0.4181906809040737,-3.602001076245579,0.00031577705683685244,0.017309101500481372
AC004264.1,4.031324996108394,-1.3668332299129156,0.42945224320162956,-3.1827362682354923,0.001458904331735459,0.04221376418877709
AC092071.1,50.71567292204101,-2.530484124708805,0.7248012451506393,-3.491280046273763,0.0004807120954519479,0.022384070019192293
SPIB,160.3488392678374,-1.8611299126920127,0.47153314274672964,-3.9469758198771294,7.914454650306897e-05,0.007446067041762419
AC010624.4,1.4419631320792596,-1.9236315345178943,0.6057991629375882,-3.1753618231989442,0.0014964977426412394,0.04291560727916623
U62631.1,6.612437964936925,-1.8177635354670203,0.4940125919210926,-3.6795894784750085,0.00023360971253155418,0.01453892864683808
AP001350.1,4.603084219316154,-1.3310667751170115,0.4238512078675848,-3.140410479926837,0.001687112605985141,0.045629589890370276
AL031429.2,47.1822817898345,-1.6873466585786494,0.3973902918830873,-4.24606914925609,2.1755351417888093e-05,0.0032558148242882202
AC022239.1,11.485779866204869,-2.5567121495605805,0.6043675776099917,-4.230392635672572,2.332837671108805e-05,0.0033811434642160776
AC005520.3,1.9600958014930487,-1.9732342253623496,0.5481807228214837,-3.5996052820064923,0.0003187005810778981,0.017381402900639352
TSIX,21.42301362007822,-1.0949623496168046,0.33414279667269065,-3.2769293862389444,0.001049426112505418,0.036005019880457394
AC091133.6,5.183637923907832,-1.0772523684597826,0.33691236485169657,-3.197426039658627,0.0013865996429609183,0.04092438582447888
AL512631.1,3.179653409783014,-2.534161538953235,0.649775911743519,-3.9000546082932126,9.617099387296628e-05,0.008548060494078902
AL034374.1,99.38577923581356,-1.3410391842303386,0.3544221659951348,-3.7837339559872425,0.00015449296388179396,0.011046590235245781
AC008897.3,5.056694870081404,1.0760184157638801,0.2725229413063514,3.9483590284397185,7.868873143815194e-05,0.007446067041762419
LINC01215,39.36928778696762,-2.3711044161628623,0.4881763177851436,-4.857065633418198,1.1913811257906589e-06,0.0005009506469304283
AC011306.1,4.064818186843629,-1.7270821450107394,0.546037887317936,-3.162934633517708,0.001561873967620138,0.04377600764995258
AL132656.3,2.402037804130495,-2.064182111213908,0.6317036678479525,-3.267643067905607,0.0010844703924038782,0.03653415385491405
AC017048.3,28.7766929502293,1.2008156489272857,0.36541507439834003,3.2861688886383296,0.0010156009718119453,0.0353114202317028
AFAP1-AS1,112.18891167383549,-1.9409848277787727,0.5122554906858581,-3.789095213367047,0.00015119696020103105,0.0109570121428567
AC010735.2,305.5516130068484,-1.1356766775817326,0.3217733578089322,-3.5294304205760043,0.00041645519862910517,0.020485136393661934
AL591686.2,3.6812464395431026,-2.245615433249339,0.6852674863137127,-3.2769910700553875,0.001049196876661043,0.036005019880457394
Z94721.2,6.761016963565352,-1.168782867706214,0.3388922759914509,-3.4488330083265115,0.0005630147692004436,0.02482877382963195
PACERR,3.326029377875069,-1.6972281654411867,0.5204655086919471,-3.260981058488818,0.0011102745677139135,0.03664019947770552
AC016737.2,3.1811448415296244,-1.5593208495061714,0.4281557059528308,-3.6419480759599154,0.0002705826581284217,0.01584673262172221
AC016717.2,26.15102994017294,-1.933015244837515,0.5731020360370331,-3.372898931234308,0.000743812498848288,0.029393342566972156
AC103591.3,10.659575991869163,-1.4841674986173732,0.37309303049301934,-3.97800917550279,6.949469064630539e-05,0.0068590833320108045
AC008264.2,7.0830491588791755,-1.0115748523730197,0.3249854611457876,-3.112677252719407,0.001853986446395483,0.04810795798324279
RNVU1-29,9.970096150214326,-4.218014219656423,0.9130425731072372,-4.619734439437815,3.842315088971354e-06,0.0010477146635825617
AC010205.1,8.154922065394082,-1.1531801537869342,0.3662007317304611,-3.149038365755431,0.0016380868816972664,0.04496582053939635
LINC01297,1.8334583209585353,3.1776634918525852,0.6821393476637093,4.658378823529111,3.1870932070262466e-06,0.0009490579738217663
PTGER4P2-CDK2AP2P2,8.583029411862272,-1.3428423043399789,0.3026796793318656,-4.436512907983006,9.142785511355066e-06,0.0018501777774425196
AL021578.1,24.89569509107277,-1.130494558731875,0.3373540539224123,-3.3510626168194095,0.0008050209718859422,0.03094472604711856
AC018816.2,6.975836814769659,-1.6729192312504237,0.47532589757032895,-3.5195204801625595,0.00043232765651998457,0.020855434297131967
SLC23A4P,2.6397041753963766,2.092309321896334,0.5987149506957451,3.494666901945469,0.0004746537338860574,0.022227834308151485
AC027682.6,27.630490185962522,1.0776499894799172,0.2577660286208931,4.180729304189501,2.9057561913237044e-05,0.003916400927371899
AC026336.3,2.9252041917564644,-2.736589546048298,0.8160191145653496,-3.3535851026062486,0.0007977187852012096,0.03077625855231909
IGKV1D-13,46.065720098224766,-1.9942761675594929,0.5721676150666601,-3.4854754359474724,0.0004912633256478268,0.022711047077650107
AC124319.2,5.387762526529421,-1.3241890695151985,0.4201074612401527,-3.1520246405674555,0.0016214258994212865,0.04474356752982789
ANKRD20A21P,8.01165448124133,-1.8983238542499845,0.5212784849899539,-3.641669297528305,0.00027087589948866287,0.01584673262172221
LHX1-DT,3.161429423074284,2.9719360823612537,0.9476803092153028,3.1360112196718246,0.0017126265160361228,0.04584098574212215
NLRP3P1,6.437011109958073,-1.9581507839142789,0.48870082250166513,-4.0068497816117485,6.153397123443945e-05,0.0064313612807704295
AC118658.1,6.861733684024792,-1.4844802554310257,0.458679164880206,-3.236423995449477,0.00121037454220357,0.03810666464769283
AC079949.2,42.4236599851405,2.0500288832486637,0.39466301759834543,5.194377967623532,2.0540545443235853e-07,0.000137690122954491
AC026120.1,3.0649040108759484,1.6821801661891482,0.4736218206447166,3.551737046023945,0.00038269710400367117,0.01948364243421222
AL158163.2,11.38247954103647,-1.0516500673752973,0.30648985378146976,-3.4312720450613483,0.0006007578013594553,0.025660136759498648
AC023310.4,5.409282747045233,1.4228840679139176,0.4555931632308403,3.123146225073991,0.0017892882829093303,0.04703606192066226
AL096817.1,1.943449730913498,-2.0898439289958963,0.6762400422816682,-3.090387729695297,0.0019989536012800005,0.0499171537943791
MAPT-IT1,77.41269343114601,-2.1898464277823835,0.5456512007536563,-4.0132715272279365,5.988296226708492e-05,0.006400647769270759
AC005899.8,7.764379652627469,-1.1508521940822083,0.3649529101227175,-3.153426543975845,0.0016136583383942553,0.04462748457839088
AC003957.1,2.8722192008014686,-2.1116644257368646,0.5441169219520007,-3.8809019542368604,0.0001040697922216632,0.00883522331009033
SLC7A2-IT1,1.8809511104188192,-2.1512445342314725,0.6892953294012171,-3.1209329912335746,0.0018027905118209104,0.04727513244364272
CU638689.4,3.051260284760884,-2.3382578509597525,0.7369380724214033,-3.1729366936855263,0.0015090542534847466,0.0431602930312224
AL136531.3,7.662074898468842,-1.6276913602648686,0.4620261549721536,-3.522942029900818,0.0004267846984867888,0.020681060931492346
AL365209.1,11.80651414905545,-1.830145845774231,0.5033326352812331,-3.636056391915958,0.0002768437517888414,0.016045399376796287
BLACAT1,87.67927886900962,-1.8358795622241348,0.5444198787066464,-3.372175840796906,0.0007457681808136002,0.029393342566972156
TRBJ1-3,2.8247224736713417,-2.0182494054510665,0.5845904050122829,-3.4524162356182715,0.0005555899488227444,0.02465746509423534
TRBJ1-5,4.711687888771559,-1.6321604281605397,0.5116057109025206,-3.1902701501929194,0.0014213985663532683,0.041426558216469886
FRG1GP,20.375710571338757,1.9430403082804713,0.40243309664315247,4.828231883729518,1.377506379072647e-06,0.0005398095490173806
FRG1FP,6.028438150150061,3.7000971594849057,0.44384959556284476,8.336376097837421,7.660200516725792e-17,4.929492236523382e-13
AL807742.1,1.5197212978177128,2.28843917782617,0.6603784169684586,3.465345200607112,0.0005295512846192639,0.023854817412526985
AC137936.2,26.659567331655133,-1.4478592439899578,0.3359482043187406,-4.309769260193036,1.6342496963692265e-05,0.002791373368723452
AD000090.1,22.5257376088208,-1.9823862036338291,0.4412561608459191,-4.492597224780851,7.0359779226604005e-06,0.0015506138742432947
AC073869.6,19.33554974812983,-2.3968639178866336,0.5561169494669639,-4.309999758475297,1.6325472435593396e-05,0.002791373368723452
AC092053.3,56.99523688348394,-1.4024631889453218,0.32956463910155653,-4.255502631497877,2.0857991117541906e-05,0.0031508296816808844
AL121935.1,8.549978998493648,-1.962096000409446,0.5867645948144637,-3.3439236411833355,0.0008260246962315852,0.031342182341919204
LINC02795,28.158625155467384,-1.21597863201686,0.32083625248857695,-3.7900287844190976,0.0001506298285795183,0.0109570121428567
AC132153.1,8.815843279411357,-1.4923492883894673,0.46159571153093226,-3.2330224287394893,0.0012248794561063694,0.038375580700758076
AL713852.1,56.725345031320444,-1.2360616232184967,0.3105144050365085,-3.980690116689329,6.87154812843736e-05,0.006855554366641735
AL021918.4,5.284154316226964,-1.3284172370981673,0.3944088037589885,-3.368122679913412,0.0007568191158116778,0.029603923803584294
AP000331.1,44.421328367052375,-2.260671421713019,0.41401203673989495,-5.460400232598301,4.750623941710093e-08,4.272417850157995e-05
AL035106.1,10.580047009366854,-1.4834134108191765,0.4056439781351098,-3.6569343828027665,0.0002552496873836722,0.015351241011695396
AC093838.1,468.22107735805713,-1.8839928945264446,0.5607200175082189,-3.3599529813447933,0.0007795573848850139,0.030366874595714535
AL356218.2,10.805888748923174,-2.216551845483913,0.5986805148370935,-3.7023951682928202,0.0002135736183433362,0.01366191797975186
AL078622.1,184.8478079334163,-1.6642193829202423,0.4497755989802187,-3.7001104254956156,0.00021550567297337213,0.013676746614578347
AL592078.2,3.8820294642899436,-1.8090643046491985,0.5716827045476207,-3.164455195615429,0.0015537358239338047,0.04373721554937674
AC011246.1,32.67803640646894,-1.8914394823121068,0.5238273078928262,-3.610807328699043,0.0003052453641705805,0.017039474759023752
AL645768.1,23.302823683253756,-1.6753077719622254,0.48750257651829054,-3.4365106004714003,0.0005892592939928292,0.02548388043482967
AC116158.3,33.95248753076667,-1.2807095934083659,0.31585415794920624,-4.0547498305034875,5.018798583967412e-05,0.00568608673372308
AC079949.5,5.284626667256003,1.8191195372150388,0.4884067496227979,3.724599503630868,0.0001956255413924706,0.012819648512920844
AC096589.1,5.029471111459967,-2.3780265645459284,0.6320192117423119,-3.762585884043509,0.00016816553099451608,0.011686596382893195
AC079296.2,8.500383887466437,-2.346409779582843,0.6698306358856307,-3.502989642270524,0.0004600673526773961,0.021782557571531583
AC079776.5,6.323595977665422,-1.1514558080605037,0.3655054797282096,-3.150310657221139,0.001630969361753708,0.04489863779669739
AC096589.2,50.61657611151276,-2.784155074569887,0.5594750180343538,-4.976370677553523,6.478752597924702e-07,0.0003111348411803361
AL049552.2,3.557758569411182,-2.934164913709533,0.7405733834339866,-3.9620177815519333,7.431900388318666e-05,0.007159545715405431
AC021148.2,454.2069392385813,-2.277739374973459,0.4330834248346504,-5.259354767140052,1.4456175147920248e-07,0.00010336486479099598
AC018558.7,15.090144032663694,-3.456650152807658,1.0517107566792028,-3.286692782074511,0.0010137136038623432,0.0353114202317028
AC009630.4,14.45911607404898,-1.83244742322418,0.4380459801492845,-4.18323077088777,2.8739539384193218e-05,0.0039052954709826943
AL450345.2,243.06105331242787,-2.0707253232602554,0.4776563840205729,-4.335177739760028,1.4564239498479588e-05,0.0026034387227948847
AL136305.1,12.268367066224801,-2.311703428817076,0.6995274855703133,-3.3046641861861685,0.0009509026095448544,0.0341857456588997
AC073349.4,20.39359029531654,-1.009062200159387,0.3011706659705792,-3.350466410490192,0.0008067559315816152,0.03094472604711856
AC112253.1,7.222390254372671,-1.6406863635665645,0.5019221355737364,-3.26880654843232,0.0010800211504205888,0.036502899722618554
AC011317.1,13.055374633825446,-1.0869050700766076,0.3426355231431164,-3.172190262428263,0.0015129385149731374,0.04323295706729633
AC016705.3,2.538594815806877,-2.574352414480394,0.7680679980460489,-3.3517246142652737,0.0008030986169785388,0.03090969031088692
AL512283.3,7.193313886489197,-1.6083950498824138,0.4755466300995487,-3.3822026023940492,0.0007190709012050803,0.02870573860691646
AL031668.2,30.012096356010364,1.1452446907574587,0.35798156117291546,3.199172289782468,0.001378227775041851,0.0408717575020706
AL137001.2,3.144623639332523,6.668314756759914,1.1846507991262283,5.628928593707371,1.8133244198590063e-08,2.0468358921908387e-05
AC114971.1,4.269513414531508,-2.243650560446409,0.6910649664628038,-3.2466564929929382,0.0011676923189611523,0.0373847443332279
AC005914.1,13.085774166366905,1.0610442195139362,0.3364214350994628,3.1539138378630334,0.0016109664086732265,0.04462748457839088
AL023754.2,3.179173076048639,-3.593146103038569,0.836763637429727,-4.294099244173153,1.754040047582557e-05,0.0028794894168885895
AC117488.1,3.7363734727920774,1.2198304213787112,0.3621845941639283,3.367979867267916,0.000757211253429571,0.029603923803584294
AC105180.2,2.9654098897453673,-1.5758109077484217,0.4828066068252126,-3.263855310743298,0.0010990727776220512,0.03661624272987796
AL035409.2,25.183458107335547,-1.3600094625362313,0.3840336007953112,-3.5413814304782996,0.0003980377112630025,0.019980126985332868
